0,-1,0,92
1,0,2,62
2,0,1,77
3,2,37,47
4,3,54,55
5,4,63,47
6,5,76,58
7,6,77,47
8,-1,105,92
9,8,120,77
10,9,211,47
11,8,119,77
12,11,233,47
13,12,259,58
14,13,269,47
15,8,118,77
16,15,302,47
17,16,338,58
18,17,361,47
19,8,117,77
20,19,417,47
21,20,446,58
22,21,456,47
23,8,116,77
24,23,516,47
25,24,543,58
26,25,570,47
27,24,541,58
28,27,609,47
29,24,640,10
30,29,642,47
31,8,115,77
32,31,662,47
33,32,682,58
34,33,815,47
35,32,681,58
36,35,875,47
37,32,680,58
38,37,917,47
39,32,679,58
40,39,967,47
41,8,114,77
42,41,1017,47
43,42,1036,58
44,43,1182,47
45,42,1035,58
46,45,1219,47
47,42,1034,58
48,47,1256,47
49,8,113,77
50,49,1293,47
51,50,1317,58
52,51,1449,47
53,50,1315,58
54,53,1491,47
55,50,1314,58
56,55,1522,47
57,50,1313,58
58,57,1553,47
59,50,1312,58
60,59,1584,47
61,50,1311,58
62,61,1615,47
63,50,1310,58
64,63,1646,47
65,8,112,77
66,65,1677,47
67,66,1704,58
68,67,1751,47
69,66,1695,58
70,69,1917,47
71,66,1694,58
72,71,1948,47
73,8,111,77
74,73,1979,47
75,74,2006,58
76,75,2053,47
77,74,1997,58
78,77,2219,47
79,74,1996,58
80,79,2250,47
81,8,110,77
82,81,2281,47
83,82,2310,58
84,83,2352,47
85,82,2301,58
86,85,2523,47
87,82,2299,58
88,87,2562,47
89,82,2298,58
90,89,2615,47
91,8,109,77
92,91,2675,47
93,92,2706,58
94,93,2748,47
95,92,2697,58
96,95,2919,47
97,92,2695,58
98,97,2961,47
99,92,2694,58
100,99,2992,47
101,92,2692,58
102,101,3044,47
103,8,108,77
104,103,3071,47
105,8,107,77
106,105,3260,47
107,8,106,77
108,107,3358,47
109,108,3374,55
110,109,3375,47
111,110,3409,58
112,111,3410,47
113,-1,3442,92
114,113,3452,62
115,113,3449,77
116,115,3664,47
117,113,3448,77
118,117,3692,47
119,118,3706,58
120,119,3721,47
121,113,3447,77
122,121,3784,47
123,113,3446,77
124,123,3814,47
125,124,3830,58
126,125,3831,47
127,126,3843,58
128,127,3855,47
129,124,3828,58
130,129,3891,47
131,113,3445,77
132,131,3917,47
133,113,3444,77
134,133,3948,47
135,113,3443,77
136,135,3967,47
137,-1,4010,92
138,137,4020,62
139,137,4072,8
140,137,4015,77
141,140,5264,47
142,141,5282,58
143,142,5283,47
144,137,4012,77
145,144,5315,47
146,145,5348,55
147,146,5378,47
148,147,5393,58
149,148,5407,47
150,147,5391,55
151,150,5430,47
152,151,5443,58
153,152,5444,47
154,153,5495,8
155,145,5345,58
156,155,5556,47
157,145,5344,58
158,157,5591,47
159,158,5605,8
160,145,5620,8
161,160,5674,8
162,137,4011,77
163,162,5690,47
164,163,5704,58
165,164,5705,47
166,-1,5726,92
167,166,5732,62
168,166,5785,8
169,166,5729,77
170,169,6209,47
171,170,6233,8
172,170,6227,55
173,172,6244,47
174,173,6257,58
175,174,6258,47
176,170,6226,58
177,176,6337,47
178,170,6225,58
179,178,6419,47
180,166,5728,77
181,180,6485,47
182,181,6501,58
183,182,6521,47
184,181,6499,55
185,184,6544,47
186,185,6557,58
187,186,6558,47
188,166,5727,77
189,188,6600,47
190,189,6619,58
191,190,6620,47
192,189,6617,58
193,192,6650,47
194,189,6614,55
195,194,6682,47
196,195,6695,58
197,196,6696,47
198,-1,6722,92
199,198,6753,77
200,199,6759,47
201,198,6752,77
202,201,6793,47
203,198,6751,77
204,203,6833,47
205,198,6750,77
206,205,6889,47
207,198,6749,77
208,207,6946,47
209,198,6748,77
210,209,6984,47
211,210,7021,8
212,198,6747,77
213,212,7062,47
214,213,7104,8
215,198,6746,77
216,215,7145,47
217,198,6745,77
218,217,7181,47
219,218,7209,8
220,218,7232,8
221,198,6744,77
222,221,7270,47
223,198,6743,77
224,223,7292,47
225,198,6742,77
226,225,7314,47
227,198,6741,77
228,227,7341,47
229,198,6740,77
230,229,7367,47
231,198,6739,77
232,231,7389,47
233,198,6738,77
234,233,7467,47
235,198,6737,77
236,235,7502,47
237,198,6736,77
238,237,7530,47
239,198,6735,77
240,239,7554,47
241,198,6734,77
242,241,7594,47
243,198,6733,77
244,243,7656,47
245,198,6732,77
246,245,7684,47
247,198,6731,77
248,247,7717,47
249,198,6730,77
250,249,7761,47
251,198,6729,77
252,251,7789,47
253,198,6728,77
254,253,7856,47
255,198,6727,77
256,255,7878,47
257,198,6726,77
258,257,7900,47
259,198,6725,77
260,259,7938,47
261,260,7965,58
262,261,7985,47
263,198,6724,77
264,263,8024,47
265,198,6723,77
266,265,8049,47
267,266,8086,8
268,266,8123,8
269,-1,8168,92
270,269,8170,62
271,269,8169,77
272,271,8243,47
273,272,8280,58
274,273,8281,47
275,272,8278,58
276,275,8311,47
277,272,8349,8
278,272,8276,55
279,278,8355,47
280,279,8374,58
281,280,8375,47
282,279,8371,58
283,282,8422,47
284,279,8369,58
285,284,8529,47
286,284,8527,47
287,279,8368,58
288,287,8581,47
289,288,8595,58
290,289,8602,47
291,287,8579,47
292,272,8275,58
293,292,8734,47
294,-1,8773,92
295,294,8788,77
296,295,8809,47
297,296,8835,8
298,297,8854,8
299,298,8873,8
300,296,8828,58
301,300,8902,47
302,296,8827,58
303,302,8938,47
304,296,8826,58
305,304,8973,47
306,294,8787,77
307,306,9008,47
308,307,9033,8
309,308,9052,8
310,309,9071,8
311,310,9081,8
312,307,9026,58
313,312,9123,47
314,307,9025,58
315,314,9159,47
316,294,8786,77
317,316,9194,47
318,317,9219,8
319,318,9238,8
320,319,9257,8
321,317,9212,58
322,321,9280,47
323,317,9211,58
324,323,9316,47
325,294,8785,77
326,325,9351,47
327,326,9375,8
328,326,9368,58
329,328,9395,47
330,294,8784,77
331,330,9419,47
332,331,9444,8
333,332,9463,8
334,333,9482,8
335,331,9437,58
336,335,9517,47
337,331,9436,58
338,337,9553,47
339,294,8783,77
340,339,9588,47
341,340,9613,8
342,341,9632,8
343,342,9651,8
344,340,9606,58
345,344,9674,47
346,340,9605,58
347,346,9710,47
348,294,8782,77
349,348,9745,47
350,349,9769,8
351,350,9788,8
352,351,9807,8
353,349,9762,55
354,353,9835,47
355,354,9848,58
356,355,9849,47
357,294,8781,77
358,357,9889,47
359,358,9917,8
360,359,9936,8
361,360,9955,8
362,358,9908,55
363,362,9993,47
364,363,10007,58
365,364,10008,47
366,363,10006,58
367,366,10036,47
368,358,9907,58
369,368,10083,47
370,358,9906,58
371,370,10104,47
372,294,8780,77
373,372,10125,47
374,373,10151,8
375,374,10170,8
376,375,10189,8
377,373,10143,55
378,377,10222,47
379,378,10235,58
380,379,10236,47
381,373,10142,58
382,381,10264,47
383,294,8779,77
384,383,10285,47
385,384,10310,8
386,385,10331,8
387,386,10352,8
388,386,10372,8
389,385,10392,8
390,389,10411,8
391,390,10430,8
392,384,10303,58
393,392,10455,47
394,384,10302,55
395,394,10482,47
396,395,10497,58
397,396,10498,47
398,395,10496,58
399,398,10532,47
400,395,10495,58
401,400,10566,47
402,294,8778,77
403,402,10595,47
404,403,10619,8
405,404,10638,8
406,405,10657,8
407,403,10612,55
408,407,10685,47
409,408,10698,58
410,409,10699,47
411,294,8777,77
412,411,10739,47
413,412,10765,8
414,413,10786,8
415,413,10803,8
416,415,10822,8
417,416,10843,8
418,416,10860,8
419,412,10757,55
420,419,10890,47
421,420,10903,58
422,421,10904,47
423,412,10756,58
424,423,10929,47
425,294,8776,77
426,425,10953,47
427,426,10982,8
428,426,10975,55
429,428,11007,47
430,429,11021,58
431,430,11022,47
432,429,11020,58
433,432,11052,47
434,426,10972,55
435,434,11197,47
436,435,11211,58
437,436,11212,47
438,435,11210,58
439,438,11240,47
440,426,10971,58
441,440,11268,47
442,426,10970,58
443,442,11289,47
444,294,8775,77
445,444,11310,47
446,445,11336,8
447,446,11355,8
448,447,11376,8
449,447,11396,8
450,445,11328,55
451,450,11439,47
452,445,11327,55
453,452,11468,8
454,452,11465,47
455,454,11496,58
456,455,11497,47
457,294,8774,77
458,457,11524,47
459,458,11550,8
460,459,11569,8
461,460,11588,8
462,458,11542,55
463,462,11621,47
464,463,11634,58
465,464,11635,47
466,458,11541,58
467,466,11701,47
468,-1,11722,92
469,468,11725,62
470,468,11724,77
471,470,11785,47
472,471,11818,8
473,468,11723,85
474,473,11837,47
475,474,11910,8
476,474,11864,58
477,476,11990,47
478,477,12002,58
479,478,12003,47
480,-1,12127,92
481,480,12164,62
482,480,12163,62
483,480,12162,62
484,480,12161,85
485,484,12432,47
486,485,12480,58
487,486,12486,47
488,480,12160,77
489,488,12541,47
490,489,12601,8
491,480,12159,77
492,491,12802,47
493,492,12871,8
494,493,12900,8
495,493,12939,8
496,493,12965,8
497,493,12991,8
498,493,13028,8
499,492,12863,58
500,499,13051,47
501,492,12862,58
502,501,13076,47
503,502,13133,8
504,502,13120,58
505,504,13185,47
506,504,13183,58
507,506,13213,47
508,492,12859,58
509,508,13254,47
510,509,13263,58
511,510,13264,47
512,492,12858,58
513,512,13300,47
514,513,13308,55
515,514,13309,47
516,515,13322,58
517,516,13366,47
518,492,12857,58
519,518,13388,47
520,519,13407,8
521,492,12855,58
522,521,13449,47
523,492,12854,58
524,523,13474,47
525,524,13523,8
526,492,12852,58
527,526,13578,47
528,527,13613,8
529,492,12845,58
530,529,13774,47
531,529,13772,58
532,531,13810,47
533,531,13808,58
534,533,13843,47
535,533,13841,58
536,535,13867,47
537,535,13865,58
538,537,13900,47
539,537,13898,47
540,480,12158,77
541,540,13952,47
542,541,13979,8
543,542,14010,8
544,541,13972,58
545,544,14034,47
546,541,13971,58
547,546,14047,47
548,547,14083,58
549,548,14110,47
550,549,14145,58
551,550,14157,47
552,480,12157,77
553,552,14187,47
554,553,14204,55
555,554,14232,47
556,555,14245,58
557,556,14260,47
558,557,14279,55
559,558,14299,47
560,559,14325,58
561,560,14340,47
562,480,12156,77
563,562,14367,47
564,563,14415,8
565,564,14459,8
566,563,14409,58
567,566,14472,47
568,563,14408,58
569,568,14506,47
570,563,14407,58
571,570,14572,47
572,563,14406,58
573,572,14621,47
574,480,12155,77
575,574,14664,47
576,575,14742,58
577,576,14749,47
578,575,14787,8
579,578,14817,8
580,575,14740,58
581,580,14833,47
582,575,14736,58
583,582,14949,47
584,575,14734,58
585,584,15011,47
586,575,14732,58
587,586,15058,47
588,575,14730,58
589,588,15112,47
590,575,14729,58
591,590,15153,47
592,575,14728,58
593,592,15194,47
594,575,14726,58
595,594,15276,47
596,575,14724,58
597,596,15377,47
598,575,14723,58
599,598,15438,47
600,575,15486,8
601,575,14721,55
602,601,15506,47
603,575,14719,58
604,603,15539,47
605,575,14712,58
606,605,15675,47
607,575,14711,58
608,607,15710,47
609,607,15708,58
610,609,15752,47
611,609,15750,47
612,480,12154,77
613,612,15892,47
614,613,15938,58
615,614,15945,47
616,613,15975,8
617,613,15935,58
618,617,16006,47
619,613,15930,58
620,619,16114,47
621,619,16112,58
622,621,16159,47
623,621,16157,47
624,480,12153,77
625,624,16209,47
626,625,16230,58
627,626,16271,47
628,627,16286,58
629,628,16307,47
630,627,16285,58
631,630,16347,47
632,627,16284,58
633,632,16366,47
634,625,16229,53
635,480,12152,77
636,635,16454,47
637,636,16483,58
638,637,16547,47
639,636,16482,58
640,639,16568,47
641,640,16580,58
642,641,16606,47
643,642,16616,58
644,643,16663,47
645,636,16481,53
646,480,12151,77
647,646,16821,47
648,647,16840,58
649,648,16861,47
650,480,12150,77
651,650,16885,47
652,651,16909,58
653,652,16963,47
654,653,16994,55
655,654,17001,47
656,655,17014,58
657,656,17015,47
658,653,16993,58
659,658,17042,47
660,480,12149,77
661,660,17069,47
662,661,17098,58
663,662,17121,47
664,663,17133,58
665,664,17177,47
666,664,17175,47
667,662,17119,47
668,667,17258,8
669,661,17298,8
670,480,12148,77
671,670,17306,47
672,671,17324,8
673,480,12147,77
674,673,17404,47
675,674,17427,8
676,674,17421,55
677,676,17580,47
678,677,17593,55
679,678,17608,47
680,679,17621,58
681,680,17622,47
682,480,12146,77
683,682,17647,47
684,683,17672,58
685,684,17673,47
686,683,17670,58
687,686,17704,47
688,480,12145,77
689,688,17721,47
690,689,17735,63
691,480,12144,77
692,691,17787,47
693,692,17826,55
694,693,17855,47
695,694,17882,10
696,695,17883,47
697,480,12143,77
698,697,17971,47
699,698,18021,8
700,698,18012,58
701,700,18194,47
702,698,18008,58
703,702,18272,47
704,698,18006,58
705,704,18347,47
706,698,18004,58
707,706,18402,47
708,698,18003,58
709,708,18437,47
710,698,18000,58
711,710,18526,47
712,698,17998,58
713,712,18581,47
714,480,12142,77
715,714,18664,47
716,715,18709,8
717,715,18700,58
718,717,18758,47
719,480,12141,77
720,719,18927,47
721,720,19009,8
722,720,18963,58
723,722,19046,47
724,720,18960,58
725,724,19086,47
726,720,18955,58
727,726,19175,47
728,720,19203,8
729,720,18951,58
730,729,19242,47
731,720,18948,58
732,731,19353,47
733,732,19367,58
734,733,19477,47
735,733,19475,47
736,480,12140,77
737,736,19554,47
738,737,19591,8
739,480,12139,77
740,739,19643,47
741,480,12138,77
742,741,19714,47
743,742,19745,55
744,743,19795,47
745,744,19801,58
746,745,19818,47
747,746,19827,58
748,747,19843,47
749,744,19800,58
750,749,19863,47
751,480,12137,77
752,751,19895,47
753,752,19909,58
754,753,19955,47
755,480,12136,77
756,755,20024,47
757,756,20052,58
758,757,20053,47
759,480,12135,77
760,759,20089,47
761,760,20106,58
762,761,20120,47
763,760,20105,58
764,763,20162,47
765,760,20104,58
766,765,20188,47
767,760,20103,58
768,767,20214,47
769,480,12134,77
770,769,20250,47
771,770,20263,53
772,480,12133,77
773,772,20353,47
774,773,20368,58
775,774,20383,47
776,773,20367,58
777,776,20422,47
778,480,12132,77
779,778,20448,47
780,779,20466,58
781,780,20467,47
782,480,12131,77
783,782,20493,47
784,783,20520,58
785,784,20521,47
786,783,20519,58
787,786,20543,47
788,783,20518,58
789,788,20565,47
790,789,20592,58
791,790,20595,47
792,790,20593,58
793,792,20613,47
794,783,20517,58
795,794,20631,47
796,783,20516,58
797,796,20653,47
798,480,12130,77
799,798,20692,47
800,799,20715,8
801,480,12129,77
802,801,20816,47
803,802,20839,8
804,802,20833,55
805,804,20992,47
806,805,21005,55
807,806,21020,47
808,807,21033,58
809,808,21034,47
810,480,12128,77
811,810,21059,47
812,811,21081,58
813,812,21082,47
814,811,21118,8
815,-1,21126,92
816,815,21129,62
817,815,21128,77
818,817,21202,47
819,818,21248,58
820,819,21265,47
821,818,21246,55
822,821,21321,47
823,822,21335,58
824,823,21336,47
825,818,21243,55
826,825,21415,47
827,826,21442,8
828,826,21436,58
829,828,21465,47
830,826,21433,58
831,830,21552,47
832,831,21570,58
833,832,21670,47
834,830,21550,47
835,826,21432,58
836,835,21872,47
837,836,21894,58
838,837,21988,47
839,836,21893,58
840,839,22023,47
841,836,21892,58
842,841,22058,47
843,836,21890,58
844,843,22098,47
845,835,21870,47
846,818,21234,55
847,846,22403,47
848,847,22422,58
849,848,22423,47
850,847,22417,58
851,850,22467,47
852,851,22481,58
853,852,22482,47
854,847,22416,58
855,854,22511,47
856,818,21233,55
857,856,22532,47
858,857,22545,58
859,858,22546,47
860,859,22581,8
861,818,21231,58
862,861,22652,47
863,862,22661,58
864,863,22686,47
865,863,22684,47
866,818,21228,55
867,866,22783,47
868,818,22842,8
869,815,21127,77
870,869,22982,47
871,870,23002,58
872,871,23003,47
873,-1,23042,92
874,873,23069,62
875,873,23068,77
876,875,23170,47
877,876,23192,58
878,877,23193,47
879,876,23190,58
880,879,23239,47
881,876,23256,8
882,873,23067,85
883,882,23309,47
884,873,23066,85
885,884,23349,47
886,873,23065,85
887,886,23377,47
888,887,23397,55
889,888,23419,47
890,873,23464,8
891,890,23516,8
892,890,23536,8
893,890,23556,8
894,893,23590,8
895,890,23608,8
896,895,23652,8
897,890,23670,8
898,897,23704,8
899,890,23724,8
900,890,23763,8
901,900,23877,8
902,900,23895,8
903,900,23913,8
904,900,23931,8
905,890,23949,8
906,905,23995,8
907,905,24013,8
908,890,24031,8
909,890,24063,8
910,890,24095,8
911,890,24127,8
912,890,24159,8
913,890,24191,8
914,890,24211,8
915,890,24243,8
916,873,24261,8
917,873,23062,77
918,917,24388,47
919,918,24417,58
920,919,24418,47
921,918,24415,58
922,921,24448,47
923,918,24414,55
924,923,24473,47
925,924,24486,58
926,925,24487,47
927,918,24413,58
928,927,24518,47
929,928,24554,58
930,929,24555,47
931,930,24583,58
932,931,24584,47
933,930,24582,58
934,933,24616,47
935,873,23061,77
936,935,24678,47
937,936,24703,58
938,937,24732,47
939,873,23060,77
940,939,24762,47
941,940,24786,58
942,941,24787,47
943,940,24784,58
944,943,24830,47
945,940,24782,58
946,945,24868,47
947,946,24885,53
948,873,23059,77
949,948,25044,47
950,949,25071,8
951,949,25320,8
952,949,25064,55
953,952,25345,47
954,953,25362,58
955,954,25388,47
956,953,25361,58
957,956,25398,47
958,953,25359,58
959,958,25441,47
960,953,25358,58
961,960,25473,47
962,961,25500,55
963,962,25501,47
964,963,25514,58
965,964,25515,47
966,873,23058,77
967,966,25556,47
968,967,25584,58
969,968,25585,47
970,967,25582,58
971,970,25636,47
972,967,25581,58
973,972,25646,47
974,973,25681,58
975,974,25724,47
976,975,25745,8
977,974,25722,58
978,977,25798,47
979,978,25816,8
980,977,25796,47
981,980,25882,8
982,967,25580,58
983,982,25933,47
984,983,25968,58
985,984,26011,47
986,985,26032,8
987,984,26009,58
988,987,26085,47
989,988,26103,8
990,987,26083,47
991,990,26169,8
992,967,25579,58
993,992,26220,47
994,993,26255,58
995,994,26274,47
996,995,26295,8
997,994,26272,47
998,997,26371,8
999,967,25578,58
1000,999,26422,47
1001,1000,26457,58
1002,1001,26476,47
1003,1002,26497,8
1004,1001,26474,47
1005,1004,26573,8
1006,873,23057,77
1007,1006,26624,47
1008,1007,26651,58
1009,1008,26664,47
1010,1007,26650,63
1011,873,23056,62
1012,873,26749,8
1013,873,26982,8
1014,873,23053,62
1015,873,23052,62
1016,873,23051,77
1017,1016,27137,47
1018,1017,27160,58
1019,1018,27161,47
1020,1017,27159,58
1021,1020,27192,47
1022,873,23050,77
1023,1022,27229,47
1024,1023,27267,55
1025,1024,27306,47
1026,1023,27266,55
1027,1026,27327,47
1028,1023,27264,55
1029,1028,27370,47
1030,1029,27381,58
1031,1030,27382,47
1032,1023,27261,55
1033,1032,27423,47
1034,1033,27436,58
1035,1034,27499,47
1036,1035,27565,8
1037,1023,27596,8
1038,873,23049,77
1039,1038,27664,47
1040,1039,27689,58
1041,1040,27709,47
1042,1039,27687,55
1043,1042,27752,47
1044,1043,27765,63
1045,1039,27684,55
1046,1045,27859,47
1047,1046,27872,58
1048,1047,27883,47
1049,1048,27911,58
1050,1049,27914,47
1051,1049,27912,47
1052,1047,27881,47
1053,873,23048,77
1054,1053,27977,47
1055,1054,28004,55
1056,1055,28028,47
1057,873,23047,77
1058,1057,28111,47
1059,1058,28145,58
1060,1059,28146,47
1061,1058,28184,8
1062,873,23046,77
1063,1062,28197,47
1064,1063,28221,58
1065,1064,28257,47
1066,1063,28220,58
1067,1066,28274,47
1068,873,23045,77
1069,1068,28303,47
1070,1069,28317,58
1071,1070,28353,47
1072,1071,28365,58
1073,1072,28382,47
1074,1071,28364,58
1075,1074,28405,47
1076,1071,28362,58
1077,1076,28448,47
1078,1077,28462,58
1079,1078,28495,47
1080,1079,28511,58
1081,1080,28528,47
1082,873,23044,62
1083,873,23043,77
1084,1083,28608,47
1085,1084,28668,8
1086,1084,28653,55
1087,1086,28858,47
1088,1087,28871,58
1089,1088,28894,47
1090,1089,28939,58
1091,1090,28946,47
1092,1091,28975,58
1093,1092,28992,47
1094,1092,28990,47
1095,1084,28652,58
1096,1095,29057,47
1097,1095,29055,47
1098,1084,28651,58
1099,1098,29116,47
1100,1098,29114,58
1101,1100,29148,47
1102,1101,29155,58
1103,1102,29176,47
1104,1100,29146,47
1105,1084,28649,58
1106,1105,29290,47
1107,1106,29299,63
1108,-1,29371,92
1109,1108,29381,62
1110,1108,29380,62
1111,1108,29379,62
1112,1108,29378,62
1113,1108,29377,77
1114,1113,29520,47
1115,1114,29540,8
1116,1108,29376,85
1117,1116,29578,47
1118,1117,29595,55
1119,1118,29626,47
1120,1119,29638,55
1121,1120,29676,47
1122,1121,29692,58
1123,1122,29713,47
1124,1108,29375,77
1125,1124,29757,47
1126,1125,29781,55
1127,1126,29802,47
1128,1127,29815,58
1129,1128,29816,47
1130,1108,29374,85
1131,1130,29844,47
1132,1131,29871,58
1133,1132,29976,47
1134,1133,29991,58
1135,1134,30025,47
1136,1133,30042,8
1137,1131,29869,55
1138,1137,30079,47
1139,1138,30109,58
1140,1139,30110,47
1141,1138,30108,58
1142,1141,30128,47
1143,1142,30145,58
1144,1143,30173,47
1145,1142,30190,8
1146,1131,30234,8
1147,1131,30258,8
1148,1108,29373,77
1149,1148,30280,47
1150,1149,30301,10
1151,1150,30302,47
1152,1151,30321,58
1153,1152,30344,47
1154,1151,30319,58
1155,1154,30396,47
1156,1108,29372,77
1157,1156,30501,47
1158,1157,30520,10
1159,1158,30521,47
1160,1159,30543,58
1161,1160,30544,47
1162,1159,30541,58
1163,1162,30597,47
1164,1159,30538,58
1165,1164,30646,47
1166,1165,30660,53
1167,1165,30659,58
1168,1167,30811,47
1169,1168,30842,8
1170,1167,30809,47
1171,1170,30912,8
1172,1170,30993,8
1173,-1,31097,92
1174,1173,31098,77
1175,1174,31106,47
1176,1175,31124,58
1177,1176,31125,47
1178,-1,31157,92
1179,-1,31165,92
1180,1179,31172,77
1181,1180,31213,47
1182,1181,31240,58
1183,1182,31267,47
1184,1181,31238,58
1185,1184,31306,47
1186,1181,31337,10
1187,1186,31339,47
1188,1179,31171,77
1189,1188,31359,47
1190,1189,31376,58
1191,1190,31426,47
1192,1179,31170,77
1193,1192,31465,47
1194,1193,31551,8
1195,1193,31484,58
1196,1195,31576,47
1197,1193,31482,55
1198,1197,31619,47
1199,1179,31169,77
1200,1199,31655,47
1201,1200,31673,58
1202,1201,31742,47
1203,1179,31168,77
1204,1203,31780,47
1205,1204,31798,58
1206,1205,31869,47
1207,1179,31167,77
1208,1207,31912,47
1209,1208,31931,58
1210,1209,32002,47
1211,1208,31929,55
1212,1211,32045,47
1213,1179,31166,77
1214,1213,32081,47
1215,1214,32100,58
1216,1215,32171,47
1217,1214,32098,55
1218,1217,32214,47
1219,1218,32230,58
1220,1219,32239,47
1221,1218,32228,58
1222,1221,32269,47
1223,-1,32313,92
1224,1223,32316,77
1225,1224,32332,47
1226,1225,32355,8
1227,1225,32349,55
1228,1227,32533,47
1229,1228,32547,58
1230,1229,32567,47
1231,1228,32546,58
1232,1231,32596,47
1233,1223,32315,77
1234,1233,32639,47
1235,1234,32662,8
1236,1234,32656,55
1237,1236,32700,47
1238,1237,32713,58
1239,1238,32730,47
1240,1223,32314,77
1241,1240,32759,47
1242,1241,32779,58
1243,1242,32805,47
1244,1241,32776,58
1245,1244,32852,47
1246,-1,32874,92
1247,1246,32877,62
1248,1246,32876,77
1249,1248,32919,47
1250,1249,32943,8
1251,1246,32875,85
1252,1251,32955,47
1253,1252,33006,8
1254,-1,33101,92
1255,1254,33239,8
1256,1254,33644,8
1257,1254,34088,8
1258,1254,34636,8
1259,1254,33132,85
1260,1259,34698,47
1261,1260,34734,58
1262,1261,34755,47
1263,1260,34732,58
1264,1263,34833,47
1265,1254,33131,77
1266,1265,34870,47
1267,1266,34895,58
1268,1267,34896,47
1269,1268,34907,8
1270,1266,34893,58
1271,1270,34972,47
1272,1266,35004,8
1273,1254,33130,85
1274,1273,35093,47
1275,1274,35130,58
1276,1275,35131,47
1277,1274,35128,58
1278,1277,35180,47
1279,1278,35194,8
1280,1274,35127,58
1281,1280,35254,47
1282,1254,33129,85
1283,1282,35301,47
1284,1283,35340,58
1285,1284,35357,47
1286,1283,35338,58
1287,1286,35400,47
1288,1283,35500,8
1289,1254,33128,77
1290,1289,35560,47
1291,1290,35576,58
1292,1291,35577,47
1293,1254,33127,85
1294,1293,35611,47
1295,1294,35647,58
1296,1295,35669,47
1297,1294,35645,58
1298,1297,35705,47
1299,1254,33126,85
1300,1299,35744,47
1301,1300,35788,58
1302,1301,35816,47
1303,1300,35786,58
1304,1303,35854,47
1305,1304,35865,58
1306,1305,35866,47
1307,1304,35864,58
1308,1307,35888,47
1309,1254,33125,85
1310,1309,35933,47
1311,1310,35976,62
1312,1310,35971,55
1313,1312,36127,47
1314,1313,36154,10
1315,1314,36155,47
1316,1315,36170,58
1317,1316,36213,47
1318,1317,36223,8
1319,1310,36251,10
1320,1319,36252,47
1321,1310,35969,58
1322,1321,36278,47
1323,1254,33124,85
1324,1323,36389,47
1325,1324,36433,55
1326,1325,36441,47
1327,1326,36465,58
1328,1327,36466,47
1329,1326,36464,58
1330,1329,36486,47
1331,1330,36496,61
1332,1326,36462,58
1333,1332,36613,47
1334,1254,33123,85
1335,1334,36629,47
1336,1335,36657,58
1337,1336,36682,47
1338,1337,36709,58
1339,1338,36712,47
1340,1338,36710,47
1341,1335,36656,58
1342,1341,36776,47
1343,1342,36798,55
1344,1343,36799,47
1345,1344,36812,58
1346,1345,36813,47
1347,1346,36833,58
1348,1347,36836,47
1349,1347,36834,47
1350,1335,36654,58
1351,1350,36919,47
1352,1254,33122,77
1353,1352,36947,47
1354,1254,33121,85
1355,1354,36977,47
1356,1355,37030,58
1357,1356,37147,47
1358,1355,37028,58
1359,1358,37261,47
1360,1355,37026,58
1361,1360,37364,47
1362,1355,37024,58
1363,1362,37389,47
1364,1355,37023,58
1365,1364,37463,47
1366,1254,33120,77
1367,1366,37618,47
1368,1367,37637,58
1369,1368,37661,47
1370,1254,33119,77
1371,1370,37683,47
1372,1371,37700,55
1373,1372,37701,47
1374,1373,37718,58
1375,1374,37737,47
1376,1373,37717,58
1377,1376,37747,47
1378,1377,37766,58
1379,1378,37767,47
1380,1373,37716,58
1381,1380,37795,47
1382,1373,37715,58
1383,1382,37822,47
1384,1373,37714,58
1385,1384,37849,47
1386,1254,33118,77
1387,1386,37881,47
1388,1387,37900,58
1389,1388,37924,47
1390,1254,33117,77
1391,1390,37946,47
1392,1391,37966,58
1393,1392,37967,47
1394,1391,37965,58
1395,1394,38016,47
1396,1254,33116,77
1397,1396,38070,47
1398,1397,38089,58
1399,1398,38113,47
1400,1254,38140,8
1401,1254,33114,77
1402,1401,38190,47
1403,1402,38207,55
1404,1403,38208,47
1405,1404,38224,58
1406,1405,38243,47
1407,1404,38223,58
1408,1407,38253,47
1409,1408,38272,58
1410,1409,38273,47
1411,1404,38222,58
1412,1411,38301,47
1413,1404,38221,58
1414,1413,38345,47
1415,1254,33113,77
1416,1415,38377,47
1417,1416,38396,58
1418,1417,38420,47
1419,1254,33112,77
1420,1419,38442,47
1421,1420,38466,58
1422,1421,38490,47
1423,1420,38465,55
1424,1423,38502,47
1425,1424,38515,58
1426,1425,38516,47
1427,1254,33111,77
1428,1427,38548,47
1429,1428,38570,58
1430,1429,38594,47
1431,1428,38568,58
1432,1431,38638,47
1433,1428,38567,55
1434,1433,38652,47
1435,1434,38666,58
1436,1435,38683,47
1437,1434,38665,58
1438,1437,38704,47
1439,1254,33110,85
1440,1439,38749,47
1441,1440,38803,58
1442,1441,38827,47
1443,1440,38801,58
1444,1443,38881,47
1445,1440,38797,58
1446,1445,38970,47
1447,1440,38794,55
1448,1447,39006,47
1449,1448,39013,58
1450,1449,39034,47
1451,1448,39012,58
1452,1451,39063,47
1453,1448,39011,58
1454,1453,39074,47
1455,1440,38791,58
1456,1455,39114,47
1457,1440,38790,58
1458,1457,39184,47
1459,1254,39235,8
1460,1254,33108,77
1461,1460,39310,47
1462,1461,39337,58
1463,1462,39352,47
1464,1463,39367,58
1465,1464,39368,47
1466,1461,39335,55
1467,1466,39411,47
1468,1467,39424,58
1469,1468,39425,47
1470,1254,33107,77
1471,1470,39452,47
1472,1471,39468,58
1473,1472,39483,47
1474,1471,39466,58
1475,1474,39515,47
1476,1254,33106,77
1477,1476,39576,47
1478,1477,39592,58
1479,1478,39607,47
1480,1477,39590,58
1481,1480,39639,47
1482,1254,33105,77
1483,1482,39674,47
1484,1483,39702,58
1485,1484,39703,47
1486,1483,39701,58
1487,1486,39747,47
1488,1483,39700,58
1489,1488,39768,47
1490,1254,33104,85
1491,1490,39800,47
1492,1491,39836,58
1493,1492,39861,47
1494,1491,39834,55
1495,1494,39905,47
1496,1495,39918,58
1497,1496,39919,47
1498,1497,39972,8
1499,1254,33103,77
1500,1499,40059,47
1501,1500,40073,58
1502,1501,40093,47
1503,1254,33102,77
1504,1503,40126,47
1505,1504,40140,55
1506,1505,40141,47
1507,1506,40154,58
1508,1507,40155,47
1509,-1,40185,92
1510,1509,40192,85
1511,1510,40228,47
1512,1511,40273,8
1513,1512,40331,8
1514,1512,40351,8
1515,1512,40382,8
1516,1511,40265,58
1517,1516,40420,47
1518,1511,40264,58
1519,1518,40465,47
1520,1511,40262,58
1521,1520,40531,47
1522,1520,40529,47
1523,1509,40191,85
1524,1523,40624,47
1525,1524,40663,58
1526,1525,40721,47
1527,1524,40661,55
1528,1527,40752,47
1529,1528,40768,58
1530,1529,40769,47
1531,1509,40190,85
1532,1531,40810,47
1533,1532,40849,58
1534,1533,40907,47
1535,1532,40847,55
1536,1535,40938,47
1537,1536,40954,58
1538,1537,40955,47
1539,1509,40189,77
1540,1539,40996,47
1541,1540,41026,55
1542,1541,41040,47
1543,1542,41060,8
1544,1542,41054,58
1545,1544,41133,47
1546,1509,40188,77
1547,1546,41191,47
1548,1547,41221,55
1549,1548,41235,47
1550,1549,41255,8
1551,1549,41249,58
1552,1551,41328,47
1553,1509,40187,77
1554,1553,41386,47
1555,1554,41424,58
1556,1555,41425,47
1557,1554,41423,55
1558,1557,41457,47
1559,1558,41470,58
1560,1559,41471,47
1561,1554,41422,55
1562,1561,41508,47
1563,1562,41521,58
1564,1563,41522,47
1565,1554,41421,58
1566,1565,41559,47
1567,1554,41420,58
1568,1567,41591,47
1569,1509,40186,77
1570,1569,41618,47
1571,1570,41663,8
1572,1570,41637,53
1573,-1,41804,92
1574,1573,41805,85
1575,1574,41821,47
1576,-1,41882,92
1577,1576,41886,62
1578,1576,41885,77
1579,1578,41963,47
1580,1579,41987,8
1581,1576,41884,85
1582,1581,41999,47
1583,1582,42069,8
1584,1576,41883,85
1585,1584,42181,47
1586,1585,42263,10
1587,1586,42264,47
1588,1587,42282,8
1589,1588,42374,8
1590,1585,42216,58
1591,1590,42462,47
1592,1591,42490,58
1593,1592,42501,47
1594,1591,42488,58
1595,1594,42550,47
1596,1585,42215,58
1597,1596,42589,47
1598,1585,42214,58
1599,1598,42625,47
1600,1585,42213,58
1601,1600,42648,47
1602,1585,42211,58
1603,1602,42688,47
1604,1585,42745,8
1605,-1,42877,92
1606,1605,42891,62
1607,1605,43032,8
1608,1605,42889,85
1609,1608,43088,47
1610,1609,43137,8
1611,1609,43130,55
1612,1611,43207,47
1613,1612,43229,8
1614,1609,43248,8
1615,1609,43125,55
1616,1615,43285,47
1617,1616,43312,10
1618,1617,43313,47
1619,1618,43325,58
1620,1619,43379,47
1621,1609,43124,55
1622,1621,43417,47
1623,1622,43444,10
1624,1623,43445,47
1625,1624,43456,58
1626,1625,43506,47
1627,1626,43522,55
1628,1627,43553,47
1629,1605,42888,85
1630,1629,43640,47
1631,1630,43684,8
1632,1630,43737,8
1633,1630,43675,58
1634,1633,43843,47
1635,1605,42887,77
1636,1635,43880,47
1637,1636,43914,55
1638,1637,43931,47
1639,1638,43953,8
1640,1636,43913,55
1641,1640,43961,47
1642,1641,43981,8
1643,1636,44000,8
1644,1636,44021,8
1645,1605,42886,85
1646,1645,44034,47
1647,1646,44068,58
1648,1647,44093,47
1649,1646,44067,58
1650,1649,44123,47
1651,1646,44065,58
1652,1651,44152,47
1653,1646,44063,58
1654,1653,44215,47
1655,1605,42885,85
1656,1655,44242,47
1657,1656,44274,58
1658,1657,44286,47
1659,1605,42884,85
1660,1659,44349,47
1661,1660,44405,55
1662,1661,44422,47
1663,1662,44449,10
1664,1663,44450,47
1665,1664,44463,58
1666,1665,44506,47
1667,1664,44462,58
1668,1667,44536,47
1669,1660,44404,55
1670,1669,44597,47
1671,1670,44624,10
1672,1671,44625,47
1673,1672,44639,58
1674,1673,44687,47
1675,1605,42883,77
1676,1675,44738,47
1677,1605,42882,77
1678,1677,44768,47
1679,1605,42881,77
1680,1679,44798,47
1681,1680,44817,55
1682,1681,44826,47
1683,1605,42880,77
1684,1683,44862,47
1685,1684,44883,55
1686,1685,44892,47
1687,1686,44906,58
1688,1687,44907,47
1689,1605,42879,77
1690,1689,44930,47
1691,1690,44949,55
1692,1691,44958,47
1693,1692,44965,58
1694,1693,44979,47
1695,1605,42878,77
1696,1695,45041,47
1697,1696,45057,55
1698,1697,45058,47
1699,1698,45092,58
1700,1699,45093,47
1701,-1,45125,92
1702,1701,45128,62
1703,1701,45127,77
1704,1703,45190,47
1705,1704,45214,8
1706,1701,45126,85
1707,1706,45226,47
1708,1707,45251,55
1709,1708,45399,47
1710,1709,45429,8
1711,1709,45408,58
1712,1711,45454,47
1713,1709,45407,55
1714,1713,45476,47
1715,1714,45493,58
1716,1715,45502,47
1717,1714,45540,8
1718,1709,45405,58
1719,1718,45737,47
1720,-1,45763,92
1721,1720,45771,62
1722,1720,45770,77
1723,1722,45993,47
1724,1723,46008,58
1725,1724,46014,47
1726,1723,46007,55
1727,1726,46042,47
1728,1727,46069,58
1729,1728,46084,47
1730,1720,45769,77
1731,1730,46126,47
1732,1731,46144,58
1733,1732,46147,47
1734,1732,46145,58
1735,1734,46204,47
1736,1734,46202,58
1737,1736,46251,47
1738,1736,46249,58
1739,1738,46308,47
1740,1738,46306,58
1741,1740,46365,47
1742,1740,46363,58
1743,1742,46422,47
1744,1742,46420,58
1745,1744,46479,47
1746,1744,46477,58
1747,1746,46534,47
1748,1720,45768,77
1749,1748,46579,47
1750,1749,46603,58
1751,1750,46604,47
1752,1749,46601,58
1753,1752,46643,47
1754,1753,46653,58
1755,1754,46675,47
1756,1749,46600,58
1757,1756,46698,47
1758,1720,45767,77
1759,1758,46752,47
1760,1759,46785,58
1761,1760,46794,47
1762,1759,46784,58
1763,1762,46827,47
1764,1759,46782,58
1765,1764,46872,47
1766,1759,46781,58
1767,1766,46904,47
1768,1759,46780,58
1769,1768,46946,47
1770,1759,46779,58
1771,1770,46966,47
1772,1720,45766,85
1773,1772,47007,47
1774,1773,47057,8
1775,1774,47144,8
1776,1774,47175,8
1777,1774,47190,8
1778,1774,47205,8
1779,1774,47220,8
1780,1774,47235,8
1781,1774,47266,8
1782,1773,47048,58
1783,1782,47339,47
1784,1773,47047,58
1785,1784,47388,47
1786,1773,47446,8
1787,1773,47042,58
1788,1787,47609,47
1789,1787,47607,47
1790,1773,47041,58
1791,1790,47680,47
1792,1790,47678,47
1793,1720,45765,85
1794,1793,47729,47
1795,1794,47773,58
1796,1795,47792,47
1797,1794,47771,58
1798,1797,47834,47
1799,1794,47770,58
1800,1799,47859,47
1801,1720,45764,85
1802,1801,47891,47
1803,1802,47932,58
1804,1803,47954,47
1805,1802,47930,58
1806,1805,47994,47
1807,1802,47929,58
1808,1807,48011,47
1809,1802,47927,58
1810,1809,48050,47
1811,-1,48131,92
1812,1811,48135,77
1813,1812,48345,47
1814,1813,48370,8
1815,1811,48134,77
1816,1815,48410,47
1817,1811,48133,77
1818,1817,48441,47
1819,1811,48132,77
1820,1819,48472,47
1821,-1,48503,92
1822,1821,48504,77
1823,1822,48523,47
1824,1823,48562,58
1825,1824,48563,47
1826,1823,48561,58
1827,1826,48704,47
1828,-1,48734,92
1829,1828,48740,85
1830,1829,48776,47
1831,1830,48820,8
1832,1831,48876,8
1833,1831,48896,8
1834,1831,48916,8
1835,1830,48812,58
1836,1835,48954,47
1837,1830,48811,58
1838,1837,48999,47
1839,1830,48810,58
1840,1839,49046,47
1841,1839,49044,47
1842,1828,48739,85
1843,1842,49139,47
1844,1843,49178,58
1845,1844,49255,47
1846,1843,49176,55
1847,1846,49286,47
1848,1847,49302,58
1849,1848,49303,47
1850,1828,48738,85
1851,1850,49344,47
1852,1851,49383,58
1853,1852,49460,47
1854,1851,49381,55
1855,1854,49491,47
1856,1855,49507,58
1857,1856,49508,47
1858,1828,48737,77
1859,1858,49549,47
1860,1859,49579,55
1861,1860,49593,47
1862,1861,49615,8
1863,1828,48736,77
1864,1863,49702,47
1865,1864,49732,55
1866,1865,49746,47
1867,1866,49768,8
1868,1828,48735,77
1869,1868,49841,47
1870,1869,49861,58
1871,1870,49870,47
1872,1869,49860,58
1873,1872,49904,47
1874,-1,49967,92
1875,1874,49991,8
1876,1874,50006,8
1877,1874,50021,8
1878,1874,50036,8
1879,1874,49974,77
1880,1879,50046,47
1881,1880,50072,8
1882,1881,50132,8
1883,1881,50155,8
1884,1874,49973,77
1885,1884,50174,47
1886,1874,49972,77
1887,1886,50217,47
1888,1874,49971,77
1889,1888,50264,47
1890,1874,49970,77
1891,1890,50307,47
1892,1874,49969,77
1893,1892,50350,47
1894,1874,49968,77
1895,1894,50387,47
1896,-1,50404,92
1897,1896,50413,62
1898,1896,50412,62
1899,1896,50411,62
1900,1896,50410,77
1901,1900,50587,47
1902,1901,50601,58
1903,1902,50621,47
1904,1896,50409,77
1905,1904,50662,47
1906,1905,50696,58
1907,1906,50697,47
1908,1905,50695,58
1909,1908,50717,47
1910,1905,50694,58
1911,1910,50739,47
1912,1910,50737,58
1913,1912,50762,47
1914,1896,50408,77
1915,1914,50789,47
1916,1915,50810,55
1917,1916,50811,47
1918,1917,50824,58
1919,1918,50825,47
1920,1896,50407,77
1921,1920,50841,47
1922,1896,50406,77
1923,1922,50864,47
1924,1896,50405,77
1925,1924,50897,47
1926,-1,50917,92
1927,1926,51062,8
1928,1926,51077,8
1929,1926,51092,8
1930,1926,51107,8
1931,1926,51122,8
1932,1926,51137,8
1933,1926,51152,8
1934,1926,51167,8
1935,1926,51182,8
1936,1926,51197,8
1937,1926,51212,8
1938,1926,51227,8
1939,1926,51242,8
1940,1926,51257,8
1941,1926,50952,85
1942,1941,51267,47
1943,1942,51305,8
1944,1943,51343,8
1945,1943,51366,8
1946,1926,50951,85
1947,1946,51385,47
1948,1947,51430,8
1949,1948,51504,8
1950,1948,51521,8
1951,1948,51538,8
1952,1926,50950,85
1953,1952,51556,47
1954,1953,51609,8
1955,1954,51644,8
1956,1926,50949,77
1957,1956,51686,47
1958,1926,50948,77
1959,1958,51702,47
1960,1926,50947,77
1961,1960,51724,47
1962,1926,50946,77
1963,1962,51743,47
1964,1926,50945,77
1965,1964,51762,47
1966,1926,50944,77
1967,1966,51790,47
1968,1926,50943,77
1969,1968,51815,47
1970,1926,50942,85
1971,1970,51835,47
1972,1926,50941,77
1973,1972,51879,47
1974,1926,50940,77
1975,1974,51905,47
1976,1975,51943,8
1977,1926,50939,85
1978,1977,51953,47
1979,1926,50938,85
1980,1979,51999,47
1981,1926,50937,77
1982,1981,52042,47
1983,1926,50936,77
1984,1983,52082,47
1985,1984,52107,8
1986,1926,50935,77
1987,1986,52117,47
1988,1987,52138,8
1989,1926,50934,77
1990,1989,52148,47
1991,1990,52171,8
1992,1926,50933,77
1993,1992,52181,47
1994,1926,50932,77
1995,1994,52205,47
1996,1926,50931,77
1997,1996,52236,47
1998,1926,50930,77
1999,1998,52255,47
2000,1926,50929,77
2001,2000,52285,47
2002,1926,50928,77
2003,2002,52315,47
2004,1926,50927,77
2005,2004,52356,47
2006,1926,50926,85
2007,2006,52386,47
2008,1926,50925,77
2009,2008,52428,47
2010,2009,52453,8
2011,1926,50924,77
2012,2011,52458,47
2013,1926,50923,85
2014,2013,52484,47
2015,1926,50922,85
2016,2015,52540,47
2017,1926,50921,77
2018,2017,52573,47
2019,1926,50920,77
2020,2019,52595,47
2021,1926,50919,77
2022,2021,52617,47
2023,1926,50918,77
2024,2023,52641,47
2025,-1,52663,92
2026,2025,52667,62
2027,2025,52666,77
2028,2027,52732,47
2029,2028,52766,58
2030,2029,52783,47
2031,2028,52757,58
2032,2031,52922,47
2033,2028,52756,58
2034,2033,52950,47
2035,2028,53019,8
2036,2025,52665,85
2037,2036,53047,47
2038,2037,53064,58
2039,2038,53065,47
2040,2025,52664,85
2041,2040,53102,47
2042,-1,53141,92
2043,-1,53149,92
2044,2043,53165,77
2045,2044,53286,47
2046,2043,53164,77
2047,2046,53308,47
2048,2043,53163,77
2049,2048,53385,47
2050,2049,53437,10
2051,2050,53444,47
2052,2049,53408,58
2053,2052,53538,47
2054,2049,53407,58
2055,2054,53568,47
2056,2049,53404,55
2057,2056,53620,47
2058,2057,53633,58
2059,2058,53634,47
2060,2049,53403,58
2061,2060,53657,47
2062,2049,53402,58
2063,2062,53679,47
2064,2043,53162,77
2065,2064,53706,47
2066,2065,53748,10
2067,2066,53752,47
2068,2065,53723,58
2069,2068,53854,47
2070,2043,53161,77
2071,2070,53887,47
2072,2071,53930,10
2073,2072,53934,47
2074,2071,54034,8
2075,2071,53904,58
2076,2075,54074,47
2077,2043,53160,77
2078,2077,54107,47
2079,2078,54163,10
2080,2079,54170,47
2081,2078,54225,10
2082,2081,54229,47
2083,2078,54132,55
2084,2083,54313,47
2085,2084,54340,58
2086,2085,54341,47
2087,2078,54371,8
2088,2078,54463,8
2089,2078,54124,58
2090,2089,54500,47
2091,2043,53159,77
2092,2091,54530,47
2093,2092,54584,10
2094,2093,54591,47
2095,2092,54646,10
2096,2095,54650,47
2097,2092,54553,55
2098,2097,54734,47
2099,2098,54761,58
2100,2099,54762,47
2101,2092,54846,8
2102,2092,54547,58
2103,2102,54883,47
2104,2043,53158,77
2105,2104,54913,47
2106,2105,54964,10
2107,2106,54971,47
2108,2105,55012,10
2109,2108,55016,47
2110,2105,54938,55
2111,2110,55100,47
2112,2111,55127,58
2113,2112,55128,47
2114,2105,55158,8
2115,2105,55253,8
2116,2105,54930,58
2117,2116,55290,47
2118,2043,53157,77
2119,2118,55323,47
2120,2119,55364,10
2121,2120,55371,47
2122,2119,55340,58
2123,2122,55451,47
2124,2043,53156,77
2125,2124,55484,47
2126,2125,55501,58
2127,2126,55534,47
2128,2043,53155,77
2129,2128,55563,47
2130,2129,55583,55
2131,2130,55597,47
2132,2131,55618,58
2133,2132,55657,47
2134,2129,55581,58
2135,2134,55712,47
2136,2129,55580,58
2137,2136,55734,47
2138,2043,53154,77
2139,2138,55767,47
2140,2139,55787,58
2141,2140,55820,47
2142,2139,55785,58
2143,2142,55859,47
2144,2139,55784,58
2145,2144,55881,47
2146,2043,53153,77
2147,2146,55914,47
2148,2147,55933,58
2149,2148,55966,47
2150,2147,55931,58
2151,2150,56008,47
2152,2043,53152,77
2153,2152,56037,47
2154,2153,56057,58
2155,2154,56093,47
2156,2153,56055,58
2157,2156,56132,47
2158,2153,56054,58
2159,2158,56154,47
2160,2043,53151,77
2161,2160,56187,47
2162,2161,56269,10
2163,2162,56276,47
2164,2161,56210,58
2165,2164,56356,47
2166,2161,56390,8
2167,2161,56208,55
2168,2167,56439,47
2169,2168,56452,58
2170,2169,56474,47
2171,2161,56206,58
2172,2171,56525,47
2173,2161,56205,58
2174,2173,56549,47
2175,2161,56204,58
2176,2175,56583,47
2177,2043,53150,77
2178,2177,56615,47
2179,2178,56693,10
2180,2179,56700,47
2181,2178,56632,58
2182,2181,56823,47
2183,-1,56857,92
2184,2183,56861,85
2185,2184,56876,47
2186,2185,56912,8
2187,2186,56973,8
2188,2186,56990,8
2189,2183,56860,77
2190,2189,56998,47
2191,2183,56859,77
2192,2191,57015,47
2193,2192,57036,8
2194,2183,56858,77
2195,2194,57046,47
2196,-1,57077,92
2197,2196,57078,77
2198,2197,57089,47
2199,2198,57112,8
2200,2198,57106,55
2201,2200,57325,47
2202,2201,57346,10
2203,2202,57353,47
2204,2203,57369,58
2205,2204,57384,47
2206,-1,57421,92
2207,2206,57435,77
2208,2207,57456,47
2209,2206,57434,77
2210,2209,57490,47
2211,2210,57509,55
2212,2211,57524,47
2213,2212,57537,58
2214,2213,57538,47
2215,2206,57433,77
2216,2215,57569,47
2217,2216,57588,55
2218,2217,57603,47
2219,2218,57616,58
2220,2219,57617,47
2221,2206,57432,77
2222,2221,57648,47
2223,2222,57668,55
2224,2223,57693,47
2225,2224,57706,58
2226,2225,57707,47
2227,2206,57431,77
2228,2227,57745,47
2229,2228,57767,55
2230,2229,57791,47
2231,2206,57430,77
2232,2231,57818,47
2233,2232,57841,58
2234,2233,57842,47
2235,2234,57861,58
2236,2235,57862,47
2237,2206,57429,77
2238,2237,57891,47
2239,2238,57917,58
2240,2239,57918,47
2241,2240,57937,63
2242,2241,57970,55
2243,2242,57979,47
2244,2243,57992,58
2245,2244,57993,47
2246,2206,57428,77
2247,2246,58032,47
2248,2247,58055,58
2249,2248,58056,47
2250,2249,58075,58
2251,2250,58076,47
2252,2206,57427,77
2253,2252,58103,47
2254,2253,58131,58
2255,2254,58132,47
2256,2255,58151,58
2257,2256,58152,47
2258,2206,57426,77
2259,2258,58184,47
2260,2259,58200,58
2261,2260,58201,47
2262,2206,57425,77
2263,2262,58219,47
2264,2263,58235,58
2265,2264,58236,47
2266,2206,57424,77
2267,2266,58254,47
2268,2267,58275,58
2269,2268,58289,47
2270,2267,58274,58
2271,2270,58331,47
2272,2267,58273,58
2273,2272,58373,47
2274,2267,58272,58
2275,2274,58399,47
2276,2206,57423,77
2277,2276,58433,47
2278,2277,58449,58
2279,2278,58450,47
2280,2206,57422,77
2281,2280,58466,47
2282,2281,58482,58
2283,2282,58483,47
2284,-1,58499,92
2285,2284,58507,77
2286,2285,58575,47
2287,2286,58596,58
2288,2287,58677,47
2289,2288,58687,58
2290,2289,58688,47
2291,2290,58714,55
2292,2291,58734,47
2293,2292,58747,58
2294,2293,58748,47
2295,2284,58505,77
2296,2295,58833,47
2297,2296,58858,58
2298,2297,58859,47
2299,2296,58854,58
2300,2299,58934,47
2301,2296,58852,58
2302,2301,58961,47
2303,2296,58851,58
2304,2303,58974,47
2305,2296,58849,58
2306,2305,59047,47
2307,2296,58848,58
2308,2307,59074,47
2309,2296,58847,58
2310,2309,59092,47
2311,2284,58504,77
2312,2311,59129,47
2313,2312,59143,58
2314,2313,59196,47
2315,2284,58503,77
2316,2315,59237,47
2317,2316,59254,55
2318,2317,59255,47
2319,2318,59270,58
2320,2319,59271,47
2321,2318,59269,58
2322,2321,59297,47
2323,2318,59268,58
2324,2323,59336,47
2325,2284,58502,77
2326,2325,59359,47
2327,2284,58501,77
2328,2327,59400,47
2329,2328,59414,58
2330,2329,59434,47
2331,2284,58500,77
2332,2331,59477,47
2333,2332,59504,55
2334,2333,59524,47
2335,2334,59553,58
2336,2335,59599,47
2337,-1,59622,92
2338,2337,59647,8
2339,2337,59626,85
2340,2339,59655,47
2341,2340,59691,8
2342,2341,59756,8
2343,2341,59771,8
2344,2341,59786,8
2345,2341,59801,8
2346,2337,59625,77
2347,2346,59809,47
2348,2337,59624,77
2349,2348,59852,47
2350,2337,59623,77
2351,2350,59889,47
2352,-1,59908,92
2353,2352,59910,62
2354,2352,59909,77
2355,2354,60030,47
2356,2355,60189,8
2357,2355,60055,58
2358,2357,60286,47
2359,2355,60053,55
2360,2359,60328,47
2361,2360,60341,55
2362,2361,60342,47
2363,2362,60395,8
2364,2362,60364,58
2365,2364,60444,47
2366,2365,60455,58
2367,2366,60470,47
2368,2366,60468,47
2369,2364,60442,47
2370,2369,60516,58
2371,2370,60523,47
2372,2362,60363,58
2373,2372,60535,47
2374,2373,60567,8
2375,2362,60362,58
2376,2375,60588,47
2377,2376,60614,8
2378,2362,60360,58
2379,2378,60644,47
2380,2362,60358,58
2381,2380,60673,47
2382,2362,60723,8
2383,2362,60355,58
2384,2383,60783,47
2385,-1,60827,92
2386,2385,60833,62
2387,2385,60832,77
2388,2387,60909,47
2389,2388,60942,8
2390,2385,60831,77
2391,2390,60976,47
2392,2391,61002,55
2393,2392,61029,47
2394,2393,61051,8
2395,2393,61045,58
2396,2395,61181,47
2397,2393,61044,58
2398,2397,61211,47
2399,2393,61043,58
2400,2399,61250,47
2401,2385,60830,77
2402,2401,61304,47
2403,2402,61336,8
2404,2402,61330,58
2405,2404,61347,47
2406,2405,61384,8
2407,2402,61481,8
2408,2385,60829,77
2409,2408,61521,47
2410,2409,61541,55
2411,2410,61551,47
2412,2411,61565,58
2413,2412,61566,47
2414,2411,61564,58
2415,2414,61593,47
2416,2385,60828,85
2417,2416,61625,47
2418,2417,61655,58
2419,2418,61665,47
2420,2417,61743,8
2421,2420,61816,8
2422,2420,61841,8
2423,2417,61651,58
2424,2423,61904,47
2425,-1,62006,92
2426,2425,62019,62
2427,2425,62018,62
2428,2425,62017,62
2429,2425,62016,62
2430,2425,62015,62
2431,2425,62014,62
2432,2425,62388,8
2433,2425,65142,8
2434,2433,65229,8
2435,2433,65311,8
2436,2433,65386,8
2437,2433,65451,8
2438,2433,65526,8
2439,2433,65602,8
2440,2433,65672,8
2441,2433,65748,8
2442,2433,65818,8
2443,2433,65888,8
2444,2425,65906,8
2445,2444,65973,8
2446,2444,66008,8
2447,2444,66040,8
2448,2444,66072,8
2449,2444,66107,8
2450,2444,66148,8
2451,2444,66183,8
2452,2444,66218,8
2453,2444,66256,8
2454,2444,66291,8
2455,2444,66326,8
2456,2444,66364,8
2457,2444,66402,8
2458,2444,66440,8
2459,2444,66475,8
2460,2444,66510,8
2461,2425,66528,8
2462,2461,66566,8
2463,2461,66603,8
2464,2461,66631,8
2465,2461,66665,8
2466,2461,66693,8
2467,2461,66724,8
2468,2425,66745,8
2469,2425,67028,8
2470,2425,67146,8
2471,2470,67184,8
2472,2470,67212,8
2473,2470,67237,8
2474,2470,67268,8
2475,2470,67299,8
2476,2470,67327,8
2477,-1,67340,92
2478,2477,67348,77
2479,2478,67384,47
2480,2479,67400,8
2481,2477,67347,77
2482,2481,67541,47
2483,2482,67564,8
2484,2482,67558,55
2485,2484,67672,47
2486,2485,67693,10
2487,2486,67700,47
2488,2487,67716,58
2489,2488,67731,47
2490,2477,67346,77
2491,2490,67768,47
2492,2491,67787,58
2493,2492,67815,47
2494,2491,67785,58
2495,2494,67859,47
2496,2477,67345,77
2497,2496,67886,47
2498,2497,67904,58
2499,2498,67932,47
2500,2497,67903,58
2501,2500,67959,47
2502,2477,67344,77
2503,2502,67994,47
2504,2503,68040,8
2505,2503,68012,55
2506,2505,68090,47
2507,2503,68011,55
2508,2507,68110,47
2509,2508,68123,58
2510,2509,68124,47
2511,2477,67343,77
2512,2511,68150,47
2513,2512,68194,8
2514,2512,68167,55
2515,2514,68223,47
2516,2515,68236,58
2517,2516,68237,47
2518,2477,67342,77
2519,2518,68262,47
2520,2519,68279,58
2521,2520,68338,47
2522,2477,67341,77
2523,2522,68360,47
2524,2523,68377,58
2525,2524,68450,47
2526,-1,68472,92
2527,2526,68500,62
2528,2526,68499,77
2529,2528,68658,47
2530,2529,68709,8
2531,2526,68498,85
2532,2531,68742,47
2533,2532,68784,58
2534,2533,68785,47
2535,2532,68782,58
2536,2535,68815,47
2537,2532,68780,58
2538,2537,68851,47
2539,2532,68778,58
2540,2539,68875,47
2541,2532,68906,8
2542,2526,68497,85
2543,2542,68950,47
2544,2543,69007,58
2545,2544,69083,47
2546,2543,69004,58
2547,2546,69166,47
2548,2543,69003,58
2549,2548,69206,47
2550,2543,69002,58
2551,2550,69248,47
2552,2543,69000,58
2553,2552,69326,47
2554,2543,68995,58
2555,2554,69443,47
2556,2543,68993,58
2557,2556,69474,47
2558,2543,68989,58
2559,2558,69530,47
2560,2543,68985,58
2561,2560,69600,47
2562,2543,69627,8
2563,2543,68983,58
2564,2563,69632,47
2565,2564,69664,8
2566,2564,69643,58
2567,2566,69695,47
2568,2543,68980,58
2569,2568,69769,47
2570,2543,69823,8
2571,2543,68978,58
2572,2571,70221,47
2573,2543,68975,58
2574,2573,70293,47
2575,2573,70291,47
2576,2526,68496,85
2577,2576,70342,47
2578,2526,68495,85
2579,2578,70377,47
2580,2579,70421,58
2581,2580,70497,47
2582,2579,70418,58
2583,2582,70580,47
2584,2579,70417,58
2585,2584,70620,47
2586,2579,70416,58
2587,2586,70662,47
2588,2579,70414,58
2589,2588,70740,47
2590,2579,70412,58
2591,2590,70793,47
2592,2579,70410,58
2593,2592,70824,47
2594,2579,70407,58
2595,2594,70862,47
2596,2579,70929,8
2597,2526,68494,85
2598,2597,71163,47
2599,2598,71236,58
2600,2599,71300,47
2601,2598,71235,58
2602,2601,71336,47
2603,2598,71234,58
2604,2603,71373,47
2605,2598,71232,58
2606,2605,71440,47
2607,2598,71225,58
2608,2607,71544,47
2609,2608,71576,58
2610,2609,71583,47
2611,2598,71669,8
2612,2598,71218,58
2613,2612,71726,47
2614,2613,71758,58
2615,2614,71759,47
2616,2598,71215,58
2617,2616,71827,47
2618,2598,71921,8
2619,2598,71209,58
2620,2619,71926,47
2621,2620,71937,58
2622,2621,71962,47
2623,2622,71971,58
2624,2623,72016,47
2625,2598,71205,58
2626,2625,72105,47
2627,2626,72117,58
2628,2627,72120,47
2629,2627,72118,58
2630,2629,72148,47
2631,2629,72146,47
2632,2625,72103,47
2633,2598,71204,58
2634,2633,72276,47
2635,2634,72298,10
2636,2635,72299,47
2637,2636,72326,8
2638,2636,72307,58
2639,2638,72358,47
2640,2598,71203,58
2641,2640,72403,47
2642,2598,71202,58
2643,2642,72447,47
2644,2643,72458,58
2645,2644,72459,47
2646,2645,72485,58
2647,2646,72486,47
2648,2598,71195,58
2649,2648,72609,47
2650,2598,72660,8
2651,2598,71193,58
2652,2651,73074,47
2653,2598,71192,58
2654,2653,73119,47
2655,2598,71188,58
2656,2655,73230,47
2657,2655,73228,47
2658,2526,68493,62
2659,2526,68492,77
2660,2659,73308,47
2661,2660,73362,58
2662,2661,73363,47
2663,2662,73393,8
2664,2660,73402,8
2665,2660,73360,58
2666,2665,73430,47
2667,2660,73359,58
2668,2667,73456,47
2669,2668,73465,58
2670,2669,73476,47
2671,2526,68491,85
2672,2671,73519,47
2673,2672,73554,58
2674,2673,73574,47
2675,2672,73644,8
2676,2675,73710,8
2677,2526,68490,85
2678,2677,73767,47
2679,2678,73815,8
2680,2679,73881,8
2681,2526,68489,77
2682,2681,73932,47
2683,2682,73951,58
2684,2683,73952,47
2685,2526,68488,85
2686,2685,73988,47
2687,2686,74032,8
2688,2687,74098,8
2689,2526,68487,77
2690,2689,74152,47
2691,2690,74174,55
2692,2691,74186,8
2693,2691,74183,47
2694,2693,74230,58
2695,2694,74245,47
2696,2526,68486,85
2697,2696,74272,47
2698,2697,74307,58
2699,2698,74333,47
2700,2699,74366,8
2701,2697,74305,58
2702,2701,74421,47
2703,2697,74303,58
2704,2703,74460,47
2705,2704,74480,8
2706,2697,74300,58
2707,2706,74571,47
2708,2707,74610,8
2709,2697,74298,58
2710,2709,74656,47
2711,2710,74673,8
2712,2526,68485,85
2713,2712,74714,47
2714,2713,74753,58
2715,2714,74754,47
2716,2526,68484,77
2717,2716,74826,47
2718,2717,74845,58
2719,2718,74846,47
2720,2719,74868,58
2721,2720,74869,47
2722,2526,68483,85
2723,2722,74896,47
2724,2723,74924,58
2725,2724,74977,47
2726,2725,74997,8
2727,2723,74923,58
2728,2727,75037,47
2729,2728,75062,8
2730,2526,68482,85
2731,2730,75144,47
2732,2731,75181,58
2733,2732,75215,47
2734,2731,75180,58
2735,2734,75246,47
2736,2731,75178,58
2737,2736,75300,47
2738,2731,75170,55
2739,2738,75490,47
2740,2739,75511,58
2741,2740,75541,47
2742,2739,75504,58
2743,2742,75679,47
2744,2526,68481,77
2745,2744,75865,47
2746,2745,75879,58
2747,2746,75880,47
2748,2526,68480,85
2749,2748,75940,47
2750,2749,75988,58
2751,2750,75997,47
2752,2749,75986,58
2753,2752,76038,47
2754,2749,76076,8
2755,2749,75983,55
2756,2755,76349,47
2757,2749,75980,55
2758,2757,76415,47
2759,2749,75978,55
2760,2759,76473,47
2761,2760,76491,58
2762,2761,76492,47
2763,2526,68479,85
2764,2763,76644,47
2765,2764,76685,58
2766,2765,76723,47
2767,2766,76741,8
2768,2766,76771,8
2769,2764,76682,58
2770,2769,76822,47
2771,2770,76840,8
2772,2770,76870,8
2773,2764,76681,58
2774,2773,76878,47
2775,2774,76905,58
2776,2775,76927,47
2777,2776,76944,8
2778,2775,76925,47
2779,2778,76995,8
2780,2774,77025,8
2781,2526,68478,85
2782,2781,77038,47
2783,2782,77068,58
2784,2783,77085,47
2785,2782,77065,58
2786,2785,77131,47
2787,2526,68477,85
2788,2787,77241,47
2789,2788,77271,58
2790,2789,77288,47
2791,2788,77267,58
2792,2791,77350,47
2793,2788,77735,8
2794,2793,77804,8
2795,2526,68476,85
2796,2795,77886,47
2797,2796,77967,58
2798,2797,78279,47
2799,2796,77965,58
2800,2799,78336,47
2801,2796,77964,58
2802,2801,78355,47
2803,2796,77962,58
2804,2803,78382,47
2805,2796,77961,58
2806,2805,78402,47
2807,2796,78431,8
2808,2796,77958,58
2809,2808,78653,47
2810,2796,77956,58
2811,2810,78728,47
2812,2526,68475,77
2813,2812,78771,47
2814,2813,78799,58
2815,2814,78800,47
2816,2813,78844,8
2817,2813,78796,58
2818,2817,78893,47
2819,2813,78794,58
2820,2819,78924,47
2821,2813,78792,58
2822,2821,78975,47
2823,2526,68474,77
2824,2823,79045,47
2825,2824,79078,58
2826,2825,79079,47
2827,2826,79091,58
2828,2827,79092,47
2829,2828,79111,58
2830,2829,79112,47
2831,2824,79076,58
2832,2831,79162,47
2833,2824,79074,58
2834,2833,79185,47
2835,2824,79072,58
2836,2835,79209,47
2837,2526,68473,77
2838,2837,79226,47
2839,2838,79257,58
2840,2839,79265,47
2841,2839,79263,47
2842,2841,79290,58
2843,2842,79313,47
2844,2838,79256,58
2845,2844,79334,47
2846,2838,79254,58
2847,2846,79362,47
2848,-1,79378,92
2849,2848,79398,62
2850,2848,79504,8
2851,2848,79396,85
2852,2851,82452,47
2853,2852,82527,8
2854,2853,82577,8
2855,2852,82521,58
2856,2855,82674,47
2857,2856,82703,55
2858,2857,82769,47
2859,2858,82783,58
2860,2859,82786,47
2861,2859,82784,47
2862,2858,82782,58
2863,2862,82825,47
2864,2852,82516,58
2865,2864,82969,47
2866,2864,82967,47
2867,2852,82515,58
2868,2867,83044,47
2869,2868,83063,58
2870,2869,83080,47
2871,2852,82513,58
2872,2871,83175,47
2873,2852,82511,58
2874,2873,83229,47
2875,2852,82510,58
2876,2875,83251,47
2877,2852,82508,58
2878,2877,83295,47
2879,2852,82506,58
2880,2879,83325,47
2881,2852,82500,55
2882,2881,83392,47
2883,2882,83406,58
2884,2883,83422,47
2885,2883,83420,47
2886,2882,83405,58
2887,2886,83461,47
2888,2852,82498,58
2889,2888,83503,47
2890,2852,82495,55
2891,2890,83541,47
2892,2891,83554,58
2893,2892,83557,47
2894,2892,83555,47
2895,2852,82487,58
2896,2895,83711,47
2897,2848,79395,85
2898,2897,83745,47
2899,2898,83784,55
2900,2899,83854,47
2901,2900,83890,58
2902,2901,83891,47
2903,2900,83886,58
2904,2903,83964,47
2905,2904,83974,58
2906,2905,84065,47
2907,2900,83884,58
2908,2907,84125,47
2909,2908,84135,58
2910,2909,84170,47
2911,2900,83883,58
2912,2911,84207,47
2913,2912,84221,58
2914,2913,84265,47
2915,2912,84220,58
2916,2915,84297,47
2917,2900,83881,58
2918,2917,84341,47
2919,2900,83876,58
2920,2919,84472,47
2921,2920,84500,58
2922,2921,84578,47
2923,2922,84587,58
2924,2923,84612,47
2925,2924,84630,58
2926,2925,84639,47
2927,2898,83782,58
2928,2927,84732,47
2929,2848,79394,62
2930,2848,79393,85
2931,2930,84834,47
2932,2931,84868,55
2933,2932,84930,47
2934,2933,84965,58
2935,2934,84966,47
2936,2933,84963,58
2937,2936,85002,47
2938,2933,84960,58
2939,2938,85068,47
2940,2939,85078,58
2941,2940,85119,47
2942,2933,84957,58
2943,2942,85163,47
2944,2943,85182,58
2945,2944,85220,47
2946,2933,84955,58
2947,2946,85243,47
2948,2947,85265,58
2949,2948,85266,47
2950,2933,84954,55
2951,2950,85282,47
2952,2951,85326,8
2953,2933,84953,58
2954,2953,85361,47
2955,2931,84867,58
2956,2955,85438,47
2957,2848,79392,77
2958,2957,85494,47
2959,2958,85529,55
2960,2959,85545,47
2961,2960,85558,58
2962,2961,85561,47
2963,2961,85559,47
2964,2958,85627,10
2965,2964,85631,47
2966,2958,85691,10
2967,2966,85695,47
2968,2848,79391,77
2969,2968,85830,47
2970,2969,85872,58
2971,2970,85898,47
2972,2969,85870,58
2973,2972,85941,47
2974,2972,85939,47
2975,2969,85869,58
2976,2975,85968,47
2977,2848,79390,77
2978,2977,86085,47
2979,2978,86105,55
2980,2979,86152,47
2981,2980,86165,58
2982,2981,86166,47
2983,2982,86193,58
2984,2983,86194,47
2985,2848,79389,77
2986,2985,86236,47
2987,2986,86270,55
2988,2987,86370,47
2989,2988,86394,55
2990,2989,86423,47
2991,2990,86436,58
2992,2991,86459,47
2993,2988,86393,58
2994,2993,86476,47
2995,2988,86388,58
2996,2995,86519,47
2997,2988,86387,58
2998,2997,86539,47
2999,2988,86386,58
3000,2999,86559,47
3001,2988,86384,58
3002,3001,86602,47
3003,3002,86614,58
3004,3003,86625,47
3005,2988,86383,55
3006,3005,86652,47
3007,3006,86665,58
3008,3007,86688,47
3009,3008,86711,58
3010,3009,86712,47
3011,2986,86269,58
3012,3011,86750,47
3013,2986,86267,55
3014,3013,86769,47
3015,2986,86806,8
3016,2986,86264,58
3017,3016,86866,47
3018,2986,86263,58
3019,3018,86911,47
3020,2986,86262,58
3021,3020,86950,47
3022,2848,79388,77
3023,3022,86992,47
3024,3023,87026,62
3025,3023,87022,55
3026,3025,87092,47
3027,3026,87109,58
3028,3027,87164,47
3029,3028,87180,8
3030,3026,87107,58
3031,3030,87232,47
3032,3026,87106,58
3033,3032,87270,47
3034,3026,87105,58
3035,3034,87308,47
3036,3023,87338,10
3037,3036,87342,47
3038,3023,87019,58
3039,3038,87390,47
3040,3023,87017,55
3041,3040,87437,47
3042,3041,87471,8
3043,2848,79387,77
3044,3043,87583,47
3045,3044,87603,58
3046,3045,87618,47
3047,3046,87632,8
3048,3044,87644,8
3049,3044,87601,55
3050,3049,87670,47
3051,3050,87683,58
3052,3051,87684,47
3053,3044,87600,58
3054,3053,87716,47
3055,3054,87730,58
3056,3055,87731,47
3057,3044,87773,8
3058,2848,79386,77
3059,3058,87781,47
3060,3059,87814,55
3061,3060,87828,47
3062,3061,87841,55
3063,3062,87864,47
3064,3063,87880,58
3065,3064,87894,47
3066,3063,87877,58
3067,3066,87943,47
3068,3067,87963,58
3069,3068,88010,47
3070,3067,87962,58
3071,3070,88029,47
3072,3071,88060,55
3073,3072,88067,47
3074,3073,88080,58
3075,3074,88081,47
3076,3071,88059,58
3077,3076,88098,47
3078,3066,87941,47
3079,3078,88149,8
3080,3079,88227,8
3081,2848,79385,77
3082,3081,88237,47
3083,3082,88270,55
3084,3083,88284,47
3085,3084,88303,58
3086,3085,88324,47
3087,3084,88298,55
3088,3087,88372,47
3089,3088,88393,55
3090,3089,88422,47
3091,3090,88436,58
3092,3091,88459,47
3093,3090,88435,58
3094,3093,88476,47
3095,3088,88392,58
3096,3095,88521,47
3097,3088,88389,58
3098,3097,88546,47
3099,3088,88387,58
3100,3099,88604,47
3101,3088,88385,58
3102,3101,88644,47
3103,3084,88297,58
3104,3103,88698,47
3105,3104,88708,58
3106,3105,88735,47
3107,3104,88707,58
3108,3107,88774,47
3109,2848,79384,85
3110,3109,88801,47
3111,3110,88845,55
3112,3111,88925,47
3113,3112,88941,58
3114,3113,88987,47
3115,3112,89004,8
3116,3112,89018,10
3117,3116,89019,47
3118,3117,89052,10
3119,3118,89053,47
3120,3117,89036,58
3121,3120,89087,47
3122,3117,89101,8
3123,3122,89179,8
3124,3117,89034,58
3125,3124,89187,47
3126,2848,79383,85
3127,3126,89252,47
3128,3127,89296,58
3129,3128,89341,47
3130,3127,89292,55
3131,3130,89398,47
3132,3131,89431,8
3133,3131,89445,10
3134,3133,89446,47
3135,3134,89478,10
3136,3135,89479,47
3137,3134,89461,58
3138,3137,89519,47
3139,3134,89458,58
3140,3139,89568,47
3141,3140,89574,58
3142,3141,89588,47
3143,2848,79382,77
3144,3143,89631,47
3145,3144,89649,55
3146,3145,89672,47
3147,3146,89700,58
3148,3147,89711,47
3149,3146,89699,58
3150,3149,89730,47
3151,3144,89648,58
3152,3151,89784,47
3153,2848,79381,77
3154,3153,89823,47
3155,3154,89839,55
3156,3155,89851,47
3157,3156,89864,58
3158,3157,89879,47
3159,3154,89838,55
3160,3159,89915,47
3161,3160,89928,58
3162,3161,89943,47
3163,3154,89837,58
3164,3163,89979,47
3165,2848,79380,77
3166,3165,90011,47
3167,3166,90025,55
3168,3167,90032,47
3169,3168,90045,58
3170,3169,90046,47
3171,2848,79379,77
3172,3171,90084,47
3173,3172,90103,58
3174,3173,90126,47
3175,3172,90102,58
3176,3175,90149,47
3177,3172,90101,58
3178,3177,90179,47
3179,3172,90100,58
3180,3179,90209,47
3181,-1,90227,92
3182,3181,90260,77
3183,3182,90316,47
3184,3183,90344,58
3185,3184,90354,47
3186,3181,90259,77
3187,3186,90383,47
3188,3187,90411,58
3189,3188,90421,47
3190,3181,90258,77
3191,3190,90450,47
3192,3191,90478,58
3193,3192,90488,47
3194,3181,90257,77
3195,3194,90520,47
3196,3195,90548,58
3197,3196,90558,47
3198,3181,90256,77
3199,3198,90590,47
3200,3199,90621,58
3201,3200,90631,47
3202,3181,90255,77
3203,3202,90663,47
3204,3203,90691,58
3205,3204,90701,47
3206,3181,90254,77
3207,3206,90733,47
3208,3207,90764,58
3209,3208,90774,47
3210,3181,90253,77
3211,3210,90810,47
3212,3211,90835,55
3213,3212,90836,47
3214,3181,90252,77
3215,3214,90872,47
3216,3215,90903,55
3217,3216,90904,47
3218,3181,90251,77
3219,3218,90929,47
3220,3219,90965,55
3221,3220,90975,47
3222,3221,90988,58
3223,3222,90989,47
3224,3181,90250,77
3225,3224,91033,47
3226,3225,91069,58
3227,3226,91079,47
3228,3225,91068,58
3229,3228,91105,47
3230,3225,91066,58
3231,3230,91155,47
3232,3181,90249,77
3233,3232,91189,47
3234,3233,91230,55
3235,3234,91249,47
3236,3235,91274,10
3237,3236,91275,47
3238,3237,91286,55
3239,3238,91297,47
3240,3181,90248,77
3241,3240,91338,47
3242,3241,91361,8
3243,3242,91438,8
3244,3242,91507,8
3245,3242,91594,8
3246,3241,91355,55
3247,3246,91628,47
3248,3247,91649,10
3249,3248,91656,47
3250,3181,90247,77
3251,3250,91761,47
3252,3251,91784,8
3253,3252,91863,8
3254,3252,91936,8
3255,3252,92021,8
3256,3251,91778,55
3257,3256,92075,47
3258,3257,92096,10
3259,3258,92103,47
3260,3259,92124,55
3261,3260,92138,47
3262,3181,90246,77
3263,3262,92237,47
3264,3263,92260,8
3265,3263,92254,55
3266,3265,92530,47
3267,3266,92551,10
3268,3267,92558,47
3269,3268,92577,58
3270,3269,92625,47
3271,3268,92576,58
3272,3271,92657,47
3273,3181,90245,77
3274,3273,92704,47
3275,3274,92727,8
3276,3274,92721,55
3277,3276,92799,47
3278,3277,92820,10
3279,3278,92827,47
3280,3279,92845,58
3281,3280,92893,47
3282,3279,92843,58
3283,3282,92930,47
3284,3181,90244,77
3285,3284,92962,47
3286,3285,92985,8
3287,3285,92979,55
3288,3287,93136,47
3289,3288,93157,10
3290,3289,93164,47
3291,3181,90243,77
3292,3291,93273,47
3293,3292,93296,8
3294,3292,93290,55
3295,3294,93575,47
3296,3295,93596,10
3297,3296,93603,47
3298,3181,90242,77
3299,3298,93680,47
3300,3299,93703,58
3301,3300,93706,47
3302,3300,93704,47
3303,3181,90241,77
3304,3303,93754,47
3305,3304,93777,8
3306,3305,93847,8
3307,3305,93876,8
3308,3305,93935,8
3309,3305,93976,8
3310,3305,94047,8
3311,3305,94094,8
3312,3304,93771,55
3313,3312,94140,47
3314,3313,94161,10
3315,3314,94168,47
3316,3315,94184,55
3317,3316,94198,47
3318,3317,94214,58
3319,3318,94246,47
3320,3181,90240,77
3321,3320,94294,47
3322,3321,94323,58
3323,3322,94333,47
3324,3321,94322,58
3325,3324,94364,47
3326,3181,90239,77
3327,3326,94395,47
3328,3327,94426,58
3329,3328,94436,47
3330,3327,94425,58
3331,3330,94453,47
3332,3181,90238,77
3333,3332,94496,47
3334,3333,94519,8
3335,3334,94591,8
3336,3334,94653,8
3337,3333,94513,55
3338,3337,94755,47
3339,3338,94776,10
3340,3339,94783,47
3341,3181,90237,77
3342,3341,94884,47
3343,3342,94907,8
3344,3343,94960,8
3345,3343,95005,8
3346,3343,95071,8
3347,3342,94901,55
3348,3347,95136,47
3349,3348,95157,10
3350,3349,95164,47
3351,3350,95183,55
3352,3351,95197,47
3353,3352,95213,55
3354,3353,95214,47
3355,3350,95180,55
3356,3355,95278,47
3357,3181,90236,77
3358,3357,95307,47
3359,3358,95330,8
3360,3359,95382,8
3361,3359,95411,8
3362,3358,95324,55
3363,3362,95451,47
3364,3363,95472,10
3365,3364,95479,47
3366,3365,95497,55
3367,3366,95511,47
3368,3365,95495,55
3369,3368,95550,47
3370,3181,90235,77
3371,3370,95595,47
3372,3371,95635,10
3373,3372,95636,47
3374,3181,90234,77
3375,3374,95679,47
3376,3375,95719,10
3377,3376,95720,47
3378,3181,90233,77
3379,3378,95760,47
3380,3379,95802,10
3381,3380,95803,47
3382,3381,95816,58
3383,3382,95819,47
3384,3382,95817,47
3385,3181,90232,77
3386,3385,95897,47
3387,3386,95920,8
3388,3386,95914,55
3389,3388,96109,47
3390,3389,96130,10
3391,3390,96137,47
3392,3391,96157,53
3393,3181,90231,77
3394,3393,96349,47
3395,3394,96390,10
3396,3395,96391,47
3397,3396,96404,58
3398,3397,96426,47
3399,3397,96424,47
3400,3181,90230,77
3401,3400,96480,47
3402,3401,96503,8
3403,3401,96497,55
3404,3403,96563,47
3405,3404,96584,10
3406,3405,96591,47
3407,3406,96612,55
3408,3407,96645,47
3409,3406,96607,55
3410,3409,96762,47
3411,3410,96775,58
3412,3411,96776,47
3413,3181,90229,77
3414,3413,96806,47
3415,3414,96829,8
3416,3414,96823,55
3417,3416,96879,47
3418,3417,96900,10
3419,3418,96907,47
3420,3419,96925,55
3421,3420,96948,47
3422,3419,96991,10
3423,3422,96992,47
3424,3423,97005,58
3425,3424,97020,47
3426,3181,90228,77
3427,3426,97070,47
3428,3427,97092,55
3429,3428,97112,47
3430,-1,97169,92
3431,3430,97177,62
3432,3430,97176,77
3433,3432,97260,47
3434,3433,97293,8
3435,3430,97175,62
3436,3430,97174,77
3437,3436,97356,47
3438,3437,97385,58
3439,3438,97394,47
3440,3437,97383,58
3441,3440,97424,47
3442,3437,97381,58
3443,3442,97454,47
3444,3437,97379,58
3445,3444,97482,47
3446,3437,97377,58
3447,3446,97518,47
3448,3437,97375,58
3449,3448,97597,47
3450,3449,97614,58
3451,3450,97628,47
3452,3451,97652,58
3453,3452,97653,47
3454,3437,97373,58
3455,3454,97693,47
3456,3437,97718,8
3457,3430,97173,77
3458,3457,97816,47
3459,3458,97845,58
3460,3459,97854,47
3461,3458,97843,58
3462,3461,97884,47
3463,3458,97841,58
3464,3463,97914,47
3465,3458,97839,58
3466,3465,97942,47
3467,3458,97837,58
3468,3467,97978,47
3469,3458,97835,58
3470,3469,98057,47
3471,3470,98074,58
3472,3471,98088,47
3473,3472,98112,58
3474,3473,98113,47
3475,3458,97833,58
3476,3475,98153,47
3477,3458,98178,8
3478,3430,97172,85
3479,3478,98276,47
3480,3479,98317,58
3481,3480,98375,47
3482,3481,98397,8
3483,3482,98508,8
3484,3479,98313,58
3485,3484,98634,47
3486,3479,98308,58
3487,3486,98704,47
3488,3487,98721,8
3489,3488,98803,8
3490,3479,98305,58
3491,3490,98901,47
3492,3491,98918,8
3493,3492,99000,8
3494,3479,99082,8
3495,3430,97171,85
3496,3495,99224,47
3497,3496,99264,58
3498,3497,99265,47
3499,3498,99310,8
3500,3430,97170,85
3501,3500,99354,47
3502,3501,99407,58
3503,3502,99408,47
3504,3503,99461,8
3505,3503,99422,58
3506,3505,99514,47
3507,3503,99420,55
3508,3507,99551,47
3509,3501,99606,8
3510,3501,99405,58
3511,3510,99652,47
3512,3501,99403,55
3513,3512,99689,47
3514,-1,99725,92
3515,3514,99736,62
3516,3514,99735,62
3517,3514,99734,62
3518,3514,99733,77
3519,3518,99884,47
3520,3519,99931,8
3521,3514,99732,85
3522,3521,99999,47
3523,3522,100038,58
3524,3523,100078,47
3525,3522,100037,58
3526,3525,100127,47
3527,3514,99731,85
3528,3527,100239,47
3529,3528,100270,58
3530,3529,100296,47
3531,3528,100336,8
3532,3514,99730,85
3533,3532,100379,47
3534,3533,100404,58
3535,3534,100454,47
3536,3533,100495,8
3537,3514,99729,85
3538,3537,100562,47
3539,3538,100586,55
3540,3539,100606,47
3541,3540,100622,58
3542,3541,100623,47
3543,3538,100585,58
3544,3543,100664,47
3545,3514,99728,85
3546,3545,100684,47
3547,3546,100707,55
3548,3547,100738,47
3549,3548,100750,55
3550,3549,100776,47
3551,3550,100792,58
3552,3551,100793,47
3553,3514,99727,77
3554,3553,100833,47
3555,3554,100847,58
3556,3555,100848,47
3557,3514,99726,77
3558,3557,100880,47
3559,3558,100906,58
3560,3559,100917,47
3561,3558,100904,55
3562,3561,100950,47
3563,3558,100899,58
3564,3563,101028,47
3565,3563,101026,47
3566,3565,101049,55
3567,3566,101050,47
3568,3558,100898,58
3569,3568,101086,47
3570,3569,101096,55
3571,3570,101114,47
3572,-1,101170,92
3573,3572,101171,85
3574,3573,101192,47
3575,-1,101256,92
3576,3575,102242,8
3577,3575,102498,8
3578,3575,102954,8
3579,3575,103297,8
3580,3575,103407,8
3581,3575,103464,8
3582,3575,103935,8
3583,3575,104040,8
3584,3575,104318,8
3585,3575,101291,62
3586,3575,101290,85
3587,3586,104397,47
3588,3587,104419,58
3589,3588,104420,47
3590,3575,101289,77
3591,3590,104444,47
3592,3591,104467,55
3593,3592,104482,47
3594,3593,104495,58
3595,3594,104496,47
3596,3575,101288,77
3597,3596,104521,47
3598,3597,104538,58
3599,3598,104539,47
3600,3575,101287,77
3601,3600,104582,47
3602,3601,104596,58
3603,3602,104597,47
3604,3575,101286,77
3605,3604,104624,47
3606,3605,104638,58
3607,3606,104639,47
3608,3575,101285,77
3609,3608,104666,47
3610,3609,104691,58
3611,3610,104692,47
3612,3609,104690,58
3613,3612,104730,47
3614,3609,104689,58
3615,3614,104749,47
3616,3575,101284,77
3617,3616,104775,47
3618,3617,104803,58
3619,3618,104804,47
3620,3619,104829,8
3621,3617,104799,58
3622,3621,104867,47
3623,3617,104798,58
3624,3623,104944,47
3625,3624,104974,58
3626,3625,105016,47
3627,3617,104797,58
3628,3627,105041,47
3629,3628,105060,58
3630,3629,105072,47
3631,3630,105086,8
3632,3617,105120,8
3633,3575,101283,77
3634,3633,105145,47
3635,3634,105162,58
3636,3635,105175,47
3637,3634,105161,58
3638,3637,105187,47
3639,3575,101282,77
3640,3639,105210,47
3641,3640,105274,58
3642,3641,105317,47
3643,3640,105272,55
3644,3643,105346,47
3645,3644,105359,58
3646,3645,105374,47
3647,3640,105271,58
3648,3647,105438,47
3649,3575,101281,77
3650,3649,105465,47
3651,3650,105478,53
3652,3575,101280,77
3653,3652,105535,47
3654,3653,105574,58
3655,3654,105589,47
3656,3653,105572,58
3657,3656,105623,47
3658,3657,105637,8
3659,3653,105570,58
3660,3659,105678,47
3661,3653,105568,58
3662,3661,105710,47
3663,3662,105722,8
3664,3575,101279,77
3665,3664,105746,47
3666,3665,105784,8
3667,3666,105846,8
3668,3665,105777,58
3669,3668,105862,47
3670,3665,105770,58
3671,3670,105993,47
3672,3671,106002,58
3673,3672,106003,47
3674,3665,105767,58
3675,3674,106121,47
3676,3665,105766,58
3677,3676,106143,47
3678,3677,106157,8
3679,3575,101278,77
3680,3679,106180,47
3681,3680,106200,58
3682,3681,106201,47
3683,3680,106198,55
3684,3683,106241,47
3685,3680,106197,55
3686,3685,106264,47
3687,3686,106279,58
3688,3687,106321,47
3689,3686,106278,58
3690,3689,106334,47
3691,3686,106277,58
3692,3691,106361,47
3693,3575,101277,77
3694,3693,106380,47
3695,3694,106401,58
3696,3695,106433,47
3697,3696,106447,55
3698,3697,106448,47
3699,3698,106462,58
3700,3699,106463,47
3701,3694,106400,55
3702,3701,106502,47
3703,3702,106516,55
3704,3703,106523,47
3705,3704,106536,58
3706,3705,106537,47
3707,3702,106515,58
3708,3707,106554,47
3709,3575,101276,77
3710,3709,106578,47
3711,3710,106595,55
3712,3711,106596,47
3713,3712,106609,58
3714,3713,106610,47
3715,3575,101275,77
3716,3715,106646,47
3717,3716,106673,55
3718,3717,106682,47
3719,3718,106695,58
3720,3719,106696,47
3721,3575,101274,77
3722,3721,106733,47
3723,3722,106770,58
3724,3723,106781,47
3725,3724,106796,55
3726,3725,106797,47
3727,3726,106810,58
3728,3727,106811,47
3729,3575,101273,77
3730,3729,106844,47
3731,3730,106890,55
3732,3731,106891,47
3733,3730,106888,55
3734,3733,106955,47
3735,3575,101272,77
3736,3735,107025,47
3737,3736,107051,55
3738,3737,107060,47
3739,3736,107048,58
3740,3739,107101,47
3741,3575,101271,77
3742,3741,107165,47
3743,3742,107216,58
3744,3743,107217,47
3745,3742,107213,58
3746,3745,107260,47
3747,3742,107212,58
3748,3747,107304,47
3749,3575,101270,77
3750,3749,107347,47
3751,3750,107405,58
3752,3751,107406,47
3753,3750,107402,55
3754,3753,107442,47
3755,3754,107456,58
3756,3755,107457,47
3757,3754,107455,58
3758,3757,107482,47
3759,3750,107400,58
3760,3759,107517,47
3761,3750,107399,58
3762,3761,107550,47
3763,3750,107398,58
3764,3763,107583,47
3765,3764,107590,58
3766,3765,107591,47
3767,3750,107397,58
3768,3767,107677,47
3769,3575,101269,77
3770,3769,107759,47
3771,3770,107780,55
3772,3771,107781,47
3773,3772,107795,58
3774,3773,107802,47
3775,3772,107794,58
3776,3775,107829,47
3777,3575,101268,77
3778,3777,107845,47
3779,3778,107886,55
3780,3779,107916,47
3781,3780,107929,58
3782,3781,107984,47
3783,3782,108012,58
3784,3783,108013,47
3785,3575,101267,62
3786,3575,101266,77
3787,3786,108103,47
3788,3787,108168,58
3789,3788,108188,47
3790,3787,108233,8
3791,3787,108293,8
3792,3575,101265,77
3793,3792,108327,47
3794,3793,108356,55
3795,3794,108373,47
3796,3795,108386,58
3797,3796,108405,47
3798,3575,101264,77
3799,3798,108427,47
3800,3799,108454,58
3801,3800,108455,47
3802,3799,108452,55
3803,3802,108479,47
3804,3803,108490,58
3805,3804,108491,47
3806,3799,108451,58
3807,3806,108514,47
3808,3799,108450,58
3809,3808,108589,47
3810,3575,101263,77
3811,3810,108654,47
3812,3811,108680,55
3813,3812,108681,47
3814,3813,108696,58
3815,3814,108697,47
3816,3813,108695,58
3817,3816,108720,47
3818,3813,108694,58
3819,3818,108734,47
3820,3575,108790,8
3821,3575,101261,62
3822,3575,101260,77
3823,3822,108937,47
3824,3823,108954,55
3825,3824,108955,47
3826,3825,108968,55
3827,3826,108969,47
3828,3827,108982,58
3829,3828,108983,47
3830,3575,101259,77
3831,3830,109008,47
3832,3831,109028,55
3833,3832,109037,47
3834,3833,109050,58
3835,3834,109078,47
3836,3575,101258,85
3837,3836,109105,47
3838,3837,109136,58
3839,3838,109173,47
3840,3839,109190,8
3841,3837,109134,58
3842,3841,109205,47
3843,3842,109222,8
3844,3837,109229,8
3845,3575,101257,85
3846,3845,109260,47
3847,3846,109332,58
3848,3847,109344,47
3849,3846,109323,55
3850,3849,109485,47
3851,3850,109512,10
3852,3851,109513,47
3853,3852,109529,58
3854,3853,109567,47
3855,3846,109318,58
3856,3855,109682,47
3857,3846,109316,58
3858,3857,109740,47
3859,3857,109738,58
3860,3859,109771,47
3861,3846,109313,55
3862,3861,109835,47
3863,3846,109310,55
3864,3863,109890,47
3865,3846,109308,58
3866,3865,109922,47
3867,3866,109936,8
3868,3846,109984,8
3869,-1,110142,92
3870,3869,110143,77
3871,3870,110149,47
3872,-1,110198,92
3873,3872,110211,77
3874,3873,110235,47
3875,3874,110258,8
3876,3874,110252,55
3877,3876,110636,47
3878,3877,110657,10
3879,3878,110664,47
3880,3879,110680,58
3881,3880,110700,47
3882,3872,110210,77
3883,3882,110752,47
3884,3883,110771,58
3885,3884,110772,47
3886,3883,110770,58
3887,3886,110824,47
3888,3883,110769,58
3889,3888,110874,47
3890,3872,110209,77
3891,3890,110913,47
3892,3891,110936,8
3893,3891,110930,55
3894,3893,111059,47
3895,3894,111080,10
3896,3895,111087,47
3897,3896,111103,58
3898,3897,111123,47
3899,3872,110208,77
3900,3899,111165,47
3901,3900,111184,58
3902,3901,111185,47
3903,3900,111183,58
3904,3903,111213,47
3905,3900,111182,58
3906,3905,111244,47
3907,3872,110207,77
3908,3907,111273,47
3909,3908,111292,58
3910,3909,111293,47
3911,3908,111291,58
3912,3911,111329,47
3913,3908,111290,58
3914,3913,111367,47
3915,3872,110206,77
3916,3915,111403,47
3917,3916,111422,58
3918,3917,111423,47
3919,3916,111421,58
3920,3919,111461,47
3921,3916,111420,58
3922,3921,111497,47
3923,3872,110205,77
3924,3923,111533,47
3925,3924,111551,58
3926,3925,111552,47
3927,3924,111550,58
3928,3927,111590,47
3929,3872,110204,77
3930,3929,111626,47
3931,3930,111645,58
3932,3931,111646,47
3933,3930,111644,58
3934,3933,111684,47
3935,3930,111643,58
3936,3935,111722,47
3937,3872,110203,77
3938,3937,111758,47
3939,3938,111777,58
3940,3939,111778,47
3941,3938,111776,58
3942,3941,111816,47
3943,3938,111775,58
3944,3943,111854,47
3945,3872,110202,77
3946,3945,111890,47
3947,3946,111980,8
3948,3947,112028,8
3949,3947,112087,8
3950,3947,112146,8
3951,3946,111907,55
3952,3951,112192,47
3953,3952,112213,10
3954,3953,112220,47
3955,3954,112237,58
3956,3955,112267,47
3957,3954,112236,58
3958,3957,112291,47
3959,3872,110201,77
3960,3959,112337,47
3961,3960,112409,8
3962,3960,112354,55
3963,3962,112529,47
3964,3963,112550,10
3965,3964,112557,47
3966,3965,112595,8
3967,3965,112574,58
3968,3967,112625,47
3969,3965,112573,58
3970,3969,112649,47
3971,3872,110200,77
3972,3971,112695,47
3973,3972,112779,8
3974,3972,112712,55
3975,3974,112878,47
3976,3975,112899,10
3977,3976,112905,47
3978,3977,112942,8
3979,3977,112921,58
3980,3979,112969,47
3981,3872,110199,77
3982,3981,112997,47
3983,3982,113020,8
3984,3982,113014,55
3985,3984,113193,47
3986,3985,113206,58
3987,3986,113221,47
3988,-1,113263,92
3989,3988,113267,77
3990,3989,113283,47
3991,3990,113309,8
3992,3991,113348,8
3993,3992,113380,8
3994,3991,113400,8
3995,3994,113445,8
3996,3991,113465,8
3997,3996,113497,8
3998,3997,113509,8
3999,3997,113531,8
4000,3991,113560,8
4001,3991,113603,8
4002,3991,113633,8
4003,3991,113663,8
4004,3991,113703,8
4005,4004,113735,8
4006,4005,113745,8
4007,3991,113787,8
4008,3991,113817,8
4009,3991,113847,8
4010,4009,113868,8
4011,4010,113880,8
4012,4010,113912,8
4013,4009,113951,8
4014,3990,113301,58
4015,4014,113990,47
4016,3990,113300,58
4017,4016,114016,47
4018,3988,113266,77
4019,4018,114052,47
4020,4019,114082,10
4021,4020,114083,47
4022,4021,114100,8
4023,4022,114139,8
4024,4023,114171,8
4025,4022,114191,8
4026,4025,114236,8
4027,4022,114256,8
4028,4027,114288,8
4029,4022,114303,8
4030,4022,114332,8
4031,4022,114361,8
4032,4022,114390,8
4033,4022,114429,8
4034,4022,114458,8
4035,4022,114487,8
4036,4022,114516,8
4037,4036,114537,8
4038,4037,114546,8
4039,4036,114575,8
4040,4019,114614,10
4041,4040,114621,47
4042,4041,114637,58
4043,4042,114681,47
4044,4019,114715,10
4045,4044,114722,47
4046,4045,114738,58
4047,4046,114782,47
4048,4019,114816,10
4049,4048,114823,47
4050,4049,114879,8
4051,4050,114889,8
4052,4049,114839,58
4053,4052,114911,47
4054,4019,114945,10
4055,4054,114952,47
4056,4055,115008,8
4057,4055,114968,58
4058,4057,115021,47
4059,4019,115055,10
4060,4059,115062,47
4061,4060,115078,58
4062,4061,115122,47
4063,4019,115156,10
4064,4063,115163,47
4065,4064,115179,58
4066,4065,115220,47
4067,3988,113265,77
4068,4067,115247,47
4069,4068,115273,8
4070,4069,115312,8
4071,4070,115333,8
4072,4071,115345,8
4073,4071,115367,8
4074,4070,115396,8
4075,4069,115422,8
4076,4075,115454,8
4077,4076,115466,8
4078,4076,115488,8
4079,4069,115517,8
4080,4079,115548,8
4081,4069,115568,8
4082,4081,115612,8
4083,4069,115632,8
4084,4069,115661,8
4085,4069,115690,8
4086,4069,115719,8
4087,4069,115758,8
4088,4069,115787,8
4089,4069,115816,8
4090,4068,115842,8
4091,4090,115881,8
4092,4091,115902,8
4093,4092,115914,8
4094,4092,115936,8
4095,4091,115965,8
4096,4090,115991,8
4097,4096,116023,8
4098,4097,116035,8
4099,4097,116057,8
4100,4090,116086,8
4101,4100,116117,8
4102,4090,116137,8
4103,4102,116181,8
4104,4090,116201,8
4105,4090,116230,8
4106,4090,116259,8
4107,4090,116288,8
4108,4090,116327,8
4109,4090,116356,8
4110,4090,116385,8
4111,4068,115264,58
4112,4111,116427,47
4113,3988,113264,77
4114,4113,116453,47
4115,4114,116480,8
4116,4114,116470,58
4117,4116,116491,47
4118,-1,116525,92
4119,4118,116529,77
4120,4119,116656,47
4121,4120,116834,8
4122,4120,116801,58
4123,4122,116867,47
4124,4120,116798,58
4125,4124,116936,47
4126,4120,117369,10
4127,4126,117370,47
4128,4127,117387,58
4129,4128,117405,47
4130,4129,117416,58
4131,4130,117419,47
4132,4130,117417,47
4133,4120,117529,10
4134,4133,117530,47
4135,4120,116680,58
4136,4135,119146,47
4137,4120,119239,10
4138,4137,119241,47
4139,4138,119303,8
4140,4138,119259,55
4141,4140,119357,47
4142,4138,119258,58
4143,4142,119388,47
4144,4120,119510,8
4145,4120,119615,10
4146,4145,119616,47
4147,4146,119624,58
4148,4147,119625,47
4149,4120,116666,58
4150,4149,119760,47
4151,4118,116528,77
4152,4151,119826,47
4153,4152,119844,8
4154,4152,119838,55
4155,4154,119870,47
4156,4155,119883,58
4157,4156,119884,47
4158,4118,116527,77
4159,4158,119942,47
4160,4159,119956,55
4161,4160,119960,8
4162,4160,119957,47
4163,4162,120036,58
4164,4163,120037,47
4165,4118,116526,77
4166,4165,120060,47
4167,4166,120078,8
4168,4166,120072,55
4169,4168,120104,47
4170,4169,120117,58
4171,4170,120118,47
4172,-1,120176,92
4173,4172,120191,62
4174,4172,120260,8
4175,4174,120341,8
4176,4174,120395,8
4177,4174,120488,8
4178,4174,120512,8
4179,4174,120587,8
4180,4174,120647,8
4181,4174,120800,8
4182,4174,120830,8
4183,4174,120935,8
4184,4174,120977,8
4185,4174,121046,8
4186,4174,121058,8
4187,4172,120189,77
4188,4187,121078,47
4189,4188,121095,55
4190,4189,121096,47
4191,4190,121118,10
4192,4191,121131,47
4193,4192,121147,58
4194,4193,121148,47
4195,4190,121212,10
4196,4195,121225,47
4197,4196,121241,58
4198,4197,121242,47
4199,4172,120188,77
4200,4199,121299,47
4201,4200,121318,55
4202,4201,121319,47
4203,4202,121340,10
4204,4203,121353,47
4205,4204,121369,58
4206,4205,121370,47
4207,4200,121433,10
4208,4207,121440,47
4209,4208,121465,58
4210,4209,121466,47
4211,4208,121464,58
4212,4211,121489,47
4213,4200,121316,58
4214,4213,121526,47
4215,4172,120187,77
4216,4215,121550,47
4217,4216,121567,55
4218,4217,121568,47
4219,4218,121590,10
4220,4219,121603,47
4221,4220,121621,58
4222,4221,121641,47
4223,4220,121619,58
4224,4223,121680,47
4225,4218,121726,10
4226,4225,121739,47
4227,4226,121757,58
4228,4227,121777,47
4229,4226,121755,58
4230,4229,121816,47
4231,4172,120186,77
4232,4231,121869,47
4233,4232,121886,55
4234,4233,121887,47
4235,4234,121901,58
4236,4235,121902,47
4237,4234,121928,10
4238,4237,121941,47
4239,4238,121959,58
4240,4239,121979,47
4241,4238,121957,55
4242,4241,122018,47
4243,4242,122034,58
4244,4243,122035,47
4245,4172,120185,77
4246,4245,122073,47
4247,4246,122090,55
4248,4247,122091,47
4249,4248,122105,58
4250,4249,122106,47
4251,4248,122132,10
4252,4251,122145,47
4253,4252,122163,58
4254,4253,122183,47
4255,4252,122161,55
4256,4255,122222,47
4257,4256,122238,58
4258,4257,122239,47
4259,4172,120184,77
4260,4259,122277,47
4261,4260,122294,55
4262,4261,122295,47
4263,4262,122308,55
4264,4263,122312,8
4265,4263,122309,47
4266,4265,122379,10
4267,4266,122404,47
4268,4267,122423,58
4269,4268,122443,47
4270,4267,122420,58
4271,4270,122496,47
4272,4172,120183,77
4273,4272,122534,47
4274,4273,122551,55
4275,4274,122552,47
4276,4275,122573,10
4277,4276,122586,47
4278,4277,122607,58
4279,4278,122627,47
4280,4277,122605,58
4281,4280,122674,47
4282,4277,122602,55
4283,4282,122733,47
4284,4283,122744,58
4285,4284,122745,47
4286,4172,120182,77
4287,4286,122780,47
4288,4287,122799,55
4289,4288,122816,47
4290,4289,122842,58
4291,4290,122857,47
4292,4291,122892,58
4293,4292,122912,47
4294,4293,122922,58
4295,4294,122935,47
4296,4295,122954,58
4297,4296,122974,47
4298,4297,122997,58
4299,4298,123050,47
4300,4293,122921,58
4301,4300,123094,47
4302,4172,120181,77
4303,4302,123118,47
4304,4303,123142,8
4305,4303,123220,8
4306,4303,123135,55
4307,4306,123252,47
4308,4307,123265,55
4309,4308,123269,8
4310,4308,123266,47
4311,4310,123305,10
4312,4311,123329,47
4313,4312,123349,58
4314,4313,123366,47
4315,4312,123346,58
4316,4315,123407,47
4317,4312,123345,55
4318,4317,123449,47
4319,4318,123462,55
4320,4319,123482,47
4321,4320,123496,58
4322,4321,123511,47
4323,4320,123495,58
4324,4323,123548,47
4325,4172,120180,77
4326,4325,123586,47
4327,4326,123616,10
4328,4327,123623,47
4329,4328,123651,8
4330,4328,123641,58
4331,4330,123662,47
4332,4328,123640,58
4333,4332,123684,47
4334,4328,123639,58
4335,4334,123725,47
4336,4326,123761,10
4337,4336,123768,47
4338,4337,123796,8
4339,4337,123786,58
4340,4339,123807,47
4341,4337,123785,58
4342,4341,123829,47
4343,4337,123784,58
4344,4343,123870,47
4345,4326,123906,10
4346,4345,123913,47
4347,4346,123933,58
4348,4347,123934,47
4349,4346,123932,58
4350,4349,123956,47
4351,4346,123931,58
4352,4351,123978,47
4353,4346,123930,58
4354,4353,124000,47
4355,4346,123929,58
4356,4355,124022,47
4357,4326,124051,10
4358,4357,124058,47
4359,4358,124077,58
4360,4359,124078,47
4361,4358,124076,58
4362,4361,124100,47
4363,4358,124075,58
4364,4363,124122,47
4365,4358,124074,58
4366,4365,124144,47
4367,4326,124173,10
4368,4367,124180,47
4369,4368,124199,58
4370,4369,124200,47
4371,4368,124198,58
4372,4371,124222,47
4373,4368,124197,58
4374,4373,124244,47
4375,4368,124196,58
4376,4375,124266,47
4377,4326,124295,10
4378,4377,124302,47
4379,4378,124318,58
4380,4379,124319,47
4381,4172,120179,77
4382,4381,124341,47
4383,4382,124364,8
4384,4382,124358,55
4385,4384,124396,47
4386,4385,124409,58
4387,4386,124410,47
4388,4172,120178,77
4389,4388,124461,47
4390,4389,124480,58
4391,4390,124487,47
4392,4172,120177,77
4393,4392,124559,47
4394,4393,124603,10
4395,4394,124610,47
4396,4395,124635,58
4397,4396,124636,47
4398,4395,124634,58
4399,4398,124659,47
4400,4393,124582,58
4401,4400,124694,47
4402,4393,124581,58
4403,4402,124718,47
4404,4393,124772,10
4405,4404,124779,47
4406,4405,124804,58
4407,4406,124805,47
4408,4405,124803,58
4409,4408,124844,47
4410,4393,124578,58
4411,4410,124879,47
4412,4393,124577,55
4413,4412,124903,47
4414,4413,124918,58
4415,4414,124935,47
4416,4413,124916,58
4417,4416,124973,47
4418,-1,125028,92
4419,-1,125036,92
4420,4419,125107,8
4421,4419,125162,8
4422,4419,125197,8
4423,4419,125053,85
4424,4423,125237,47
4425,4424,125267,55
4426,4425,125295,47
4427,4426,125311,55
4428,4427,125312,47
4429,4428,125328,58
4430,4429,125329,47
4431,4430,125348,8
4432,4419,125052,77
4433,4432,125426,47
4434,4433,125466,58
4435,4434,125481,47
4436,4433,125460,58
4437,4436,125585,47
4438,4433,125620,8
4439,4433,125458,58
4440,4439,125770,47
4441,4419,125051,85
4442,4441,125806,47
4443,4442,125851,58
4444,4443,125908,47
4445,4442,125850,55
4446,4445,125928,47
4447,4446,125941,58
4448,4447,125942,47
4449,4419,125050,77
4450,4449,125984,47
4451,4450,126007,58
4452,4451,126008,47
4453,4419,125049,77
4454,4453,126047,47
4455,4454,126067,55
4456,4455,126092,47
4457,4456,126106,58
4458,4457,126136,47
4459,4457,126134,58
4460,4459,126181,47
4461,4456,126105,58
4462,4461,126218,47
4463,4419,125048,77
4464,4463,126273,47
4465,4464,126287,58
4466,4465,126288,47
4467,4419,125047,77
4468,4467,126309,47
4469,4468,126334,55
4470,4469,126343,47
4471,4470,126357,58
4472,4471,126376,47
4473,4470,126356,58
4474,4473,126426,47
4475,4419,125046,77
4476,4475,126483,47
4477,4476,126508,55
4478,4477,126532,47
4479,4476,126506,55
4480,4479,126562,47
4481,4480,126575,58
4482,4481,126576,47
4483,4476,126505,58
4484,4483,126601,47
4485,4419,125045,77
4486,4485,126629,47
4487,4486,126668,58
4488,4487,126669,47
4489,4419,125044,77
4490,4489,126777,47
4491,4490,126835,58
4492,4491,126836,47
4493,4490,126832,58
4494,4493,126886,47
4495,4419,125043,77
4496,4495,127021,47
4497,4496,127043,58
4498,4497,127124,47
4499,4496,127042,58
4500,4499,127140,47
4501,4496,127040,58
4502,4501,127171,47
4503,4419,125042,77
4504,4503,127204,47
4505,4504,127225,58
4506,4505,127246,47
4507,4504,127223,58
4508,4507,127278,47
4509,4419,125041,77
4510,4509,127312,47
4511,4510,127342,8
4512,4510,127336,58
4513,4512,127418,47
4514,4419,125040,77
4515,4514,127456,47
4516,4515,127488,58
4517,4516,127522,47
4518,4515,127587,8
4519,4419,125039,77
4520,4519,127663,47
4521,4520,127712,55
4522,4521,127750,47
4523,4522,127777,10
4524,4523,127778,47
4525,4524,127790,58
4526,4525,127828,47
4527,4419,125038,77
4528,4527,127894,47
4529,4528,127912,8
4530,4529,127999,8
4531,4529,128027,8
4532,4419,125037,85
4533,4532,128073,47
4534,4533,128129,58
4535,4534,128140,47
4536,4533,128127,58
4537,4536,128184,47
4538,4533,128126,58
4539,4538,128218,47
4540,4533,128124,58
4541,4540,128256,47
4542,4533,128115,58
4543,4542,128402,47
4544,-1,128456,92
4545,4544,128464,77
4546,4545,128490,47
4547,4544,128463,77
4548,4547,128781,47
4549,4548,128797,8
4550,4549,128899,10
4551,4550,128900,47
4552,4551,128917,58
4553,4552,128935,47
4554,4549,129034,10
4555,4554,129035,47
4556,4555,129052,58
4557,4556,129070,47
4558,4549,129169,10
4559,4558,129170,47
4560,4559,129187,58
4561,4560,129205,47
4562,4549,129304,10
4563,4562,129305,47
4564,4563,129322,58
4565,4564,129340,47
4566,4549,129439,10
4567,4566,129440,47
4568,4567,129457,58
4569,4568,129475,47
4570,4549,129574,10
4571,4570,129575,47
4572,4549,129702,10
4573,4572,129703,47
4574,4573,129736,8
4575,4549,129841,10
4576,4575,129842,47
4577,4576,129875,8
4578,4549,129980,10
4579,4578,129981,47
4580,4579,130014,8
4581,4549,130125,10
4582,4581,130126,47
4583,4549,130244,10
4584,4583,130245,47
4585,4584,130278,8
4586,4549,130383,10
4587,4586,130384,47
4588,4587,130401,55
4589,4588,130431,47
4590,4589,130444,58
4591,4590,130445,47
4592,4549,130557,10
4593,4592,130558,47
4594,4593,130575,55
4595,4594,130605,47
4596,4595,130618,58
4597,4596,130619,47
4598,4549,130721,10
4599,4598,130722,47
4600,4599,130754,8
4601,4544,128462,77
4602,4601,130828,47
4603,4602,130844,8
4604,4603,130934,10
4605,4604,130935,47
4606,4603,131056,10
4607,4606,131057,47
4608,4603,131178,10
4609,4608,131179,47
4610,4603,131299,10
4611,4610,131300,47
4612,4603,131421,10
4613,4612,131422,47
4614,4603,131543,10
4615,4614,131544,47
4616,4603,131664,10
4617,4616,131665,47
4618,4603,131785,10
4619,4618,131786,47
4620,4544,128461,77
4621,4620,131841,47
4622,4621,131857,8
4623,4622,131937,10
4624,4623,131938,47
4625,4624,131971,8
4626,4622,132083,10
4627,4626,132084,47
4628,4627,132117,8
4629,4622,132229,10
4630,4629,132230,47
4631,4630,132263,8
4632,4544,128460,77
4633,4632,132309,47
4634,4633,132325,8
4635,4634,132405,10
4636,4635,132406,47
4637,4634,132540,10
4638,4637,132541,47
4639,4634,132675,10
4640,4639,132676,47
4641,4544,128459,77
4642,4641,132743,47
4643,4642,132759,8
4644,4643,132847,10
4645,4644,132848,47
4646,4643,132976,10
4647,4646,132977,47
4648,4643,133105,10
4649,4648,133106,47
4650,4643,133234,10
4651,4650,133235,47
4652,4643,133363,10
4653,4652,133364,47
4654,4643,133492,10
4655,4654,133493,47
4656,4643,133621,10
4657,4656,133622,47
4658,4544,128458,77
4659,4658,133691,47
4660,4659,133707,8
4661,4660,133801,10
4662,4661,133802,47
4663,4662,133832,8
4664,4660,133966,10
4665,4664,133967,47
4666,4665,133997,8
4667,4660,134125,10
4668,4667,134126,47
4669,4668,134156,8
4670,4660,134290,10
4671,4670,134291,47
4672,4671,134321,8
4673,4660,134443,10
4674,4673,134444,47
4675,4674,134473,8
4676,4660,134564,10
4677,4676,134565,47
4678,4677,134595,8
4679,4660,134724,10
4680,4679,134725,47
4681,4680,134755,8
4682,4660,134883,10
4683,4682,134884,47
4684,4683,134914,8
4685,4660,135036,10
4686,4685,135037,47
4687,4660,135148,10
4688,4687,135149,47
4689,4544,128457,77
4690,4689,135201,47
4691,-1,135222,92
4692,4691,135377,8
4693,4691,135243,62
4694,4691,135242,85
4695,4694,135409,47
4696,4695,135432,58
4697,4696,135489,47
4698,4697,135528,8
4699,4695,135431,58
4700,4699,135555,47
4701,4691,135241,85
4702,4701,135609,47
4703,4691,135240,85
4704,4703,135706,47
4705,4691,135239,85
4706,4705,135784,47
4707,4706,135809,58
4708,4707,135866,47
4709,4708,135881,8
4710,4706,135966,8
4711,4691,135238,77
4712,4711,136046,47
4713,4712,136060,58
4714,4713,136067,47
4715,4691,135237,77
4716,4715,136090,47
4717,4691,135236,77
4718,4717,136116,47
4719,4718,136133,10
4720,4719,136135,47
4721,4720,136143,58
4722,4721,136172,47
4723,4691,136197,8
4724,4691,135234,62
4725,4691,135232,77
4726,4725,136266,47
4727,4726,136292,58
4728,4727,136324,47
4729,4691,135231,77
4730,4729,136394,47
4731,4730,136416,58
4732,4731,136436,47
4733,4732,136451,55
4734,4733,136471,47
4735,4734,136485,58
4736,4735,136486,47
4737,4734,136484,58
4738,4737,136517,47
4739,4732,136450,58
4740,4739,136558,47
4741,4730,136626,8
4742,4691,135230,62
4743,4691,135229,62
4744,4691,135228,62
4745,4691,135227,77
4746,4745,136713,47
4747,4746,136768,58
4748,4747,136775,47
4749,4746,136767,58
4750,4749,136791,47
4751,4746,136766,58
4752,4751,136851,47
4753,4752,136894,8
4754,4746,136763,58
4755,4754,136944,47
4756,4755,136987,8
4757,4755,136995,8
4758,4746,136758,58
4759,4758,137065,47
4760,4759,137108,8
4761,4759,137116,8
4762,4746,136756,58
4763,4762,137140,47
4764,4763,137191,8
4765,4763,137199,8
4766,4746,136755,58
4767,4766,137211,47
4768,4767,137263,8
4769,4767,137271,8
4770,4746,136753,58
4771,4770,137287,47
4772,4771,137358,8
4773,4771,137366,8
4774,4746,136751,55
4775,4774,137403,47
4776,4775,137420,58
4777,4776,137421,47
4778,4691,135226,77
4779,4778,137501,47
4780,4779,137532,58
4781,4780,137539,47
4782,4691,135225,77
4783,4782,137565,47
4784,4783,137598,58
4785,4784,137599,47
4786,4691,135224,77
4787,4786,137628,47
4788,4787,137680,58
4789,4788,137690,47
4790,4787,137722,8
4791,4790,137741,8
4792,4787,137677,58
4793,4792,137773,47
4794,4793,137814,8
4795,4787,137675,58
4796,4795,137857,47
4797,4796,137898,8
4798,4787,137670,58
4799,4798,137972,47
4800,4787,137668,58
4801,4800,138037,47
4802,4787,137667,58
4803,4802,138089,47
4804,4787,137666,58
4805,4804,138163,47
4806,4787,137664,58
4807,4806,138234,47
4808,4807,138303,8
4809,4787,137662,55
4810,4809,138336,47
4811,4810,138352,58
4812,4811,138353,47
4813,4691,135223,77
4814,4813,138419,47
4815,4814,138466,58
4816,4815,138467,47
4817,4814,138463,58
4818,4817,138526,47
4819,4814,138459,58
4820,4819,138590,47
4821,4814,138457,58
4822,4821,138617,47
4823,4822,138637,8
4824,4814,138455,58
4825,4824,138649,47
4826,4814,138453,55
4827,4826,138717,47
4828,4827,138733,58
4829,4828,138734,47
4830,-1,138803,92
4831,4830,138815,62
4832,4830,138814,62
4833,4830,138813,62
4834,4830,138812,77
4835,4834,138887,47
4836,4835,138913,8
4837,4830,138811,77
4838,4837,138997,47
4839,4838,139016,55
4840,4839,139055,47
4841,4840,139076,58
4842,4841,139079,47
4843,4842,139128,8
4844,4841,139077,58
4845,4844,139157,47
4846,4845,139175,8
4847,4830,138810,62
4848,4830,138809,62
4849,4830,138808,62
4850,4830,138807,62
4851,4830,138806,62
4852,4830,138805,62
4853,4830,138804,62
4854,-1,139399,92
4855,4854,139404,62
4856,4854,139403,62
4857,4854,139402,77
4858,4857,139470,47
4859,4858,139494,8
4860,4854,139401,85
4861,4860,139506,47
4862,4861,139534,58
4863,4862,139570,47
4864,4863,139584,8
4865,4861,139596,8
4866,4854,139400,77
4867,4866,139701,47
4868,4867,139731,58
4869,4868,139748,47
4870,4867,139725,55
4871,4870,139809,47
4872,4871,139828,58
4873,4872,139844,47
4874,4871,139826,58
4875,4874,139901,47
4876,4871,139824,58
4877,4876,139930,47
4878,4877,139958,8
4879,4871,139822,58
4880,4879,140005,47
4881,4880,140012,58
4882,4881,140013,47
4883,-1,140056,92
4884,4883,140067,77
4885,4884,140135,47
4886,4883,140066,77
4887,4886,140244,47
4888,4887,140283,58
4889,4888,140303,47
4890,4889,140325,58
4891,4890,140342,47
4892,4888,140301,58
4893,4892,140405,47
4894,4893,140414,58
4895,4894,140431,47
4896,4892,140403,58
4897,4896,140503,47
4898,4897,140513,58
4899,4898,140530,47
4900,4896,140501,47
4901,4883,140065,77
4902,4901,140610,47
4903,4902,140651,58
4904,4903,140652,47
4905,4904,140674,58
4906,4905,140675,47
4907,4883,140064,77
4908,4907,140750,47
4909,4908,140770,55
4910,4909,140779,47
4911,4910,140792,58
4912,4911,140793,47
4913,4883,140063,77
4914,4913,140836,47
4915,4914,140860,58
4916,4915,140861,47
4917,4914,140859,58
4918,4917,140897,47
4919,4883,140062,85
4920,4919,140934,47
4921,4920,140985,58
4922,4921,141000,47
4923,4921,140998,47
4924,4923,141035,8
4925,4920,140984,58
4926,4925,141047,47
4927,4925,141045,47
4928,4927,141082,8
4929,4883,140061,85
4930,4929,141097,47
4931,4930,141186,8
4932,4930,141137,58
4933,4932,141322,47
4934,4930,141135,58
4935,4934,141350,47
4936,4930,141444,8
4937,4883,140060,85
4938,4937,141633,47
4939,4938,141679,8
4940,4938,141673,58
4941,4940,141718,47
4942,4938,141671,58
4943,4942,141769,47
4944,4938,141669,58
4945,4944,141825,47
4946,4938,141668,58
4947,4946,141854,47
4948,4883,140059,77
4949,4948,141926,47
4950,4949,141954,53
4951,4950,142040,58
4952,4951,142073,47
4953,4950,142115,58
4954,4953,142154,47
4955,4953,142152,47
4956,4883,140058,85
4957,4956,142221,47
4958,4957,142267,8
4959,4957,142261,58
4960,4959,142316,47
4961,4957,142259,58
4962,4961,142367,47
4963,4957,142257,58
4964,4963,142423,47
4965,4957,142256,58
4966,4965,142452,47
4967,4883,140057,77
4968,4967,142513,47
4969,4968,142536,58
4970,4969,142537,47
4971,4968,142534,53
4972,-1,142716,92
4973,4972,142852,8
4974,4972,142919,8
4975,4972,143051,8
4976,4972,143116,8
4977,4972,142732,62
4978,4972,142731,62
4979,4972,142730,62
4980,4972,142729,62
4981,4972,142728,62
4982,4972,142727,62
4983,4972,142726,77
4984,4983,143434,47
4985,4984,143461,58
4986,4985,143489,47
4987,4984,143459,58
4988,4987,143504,47
4989,4988,143513,58
4990,4989,143529,47
4991,4984,143457,58
4992,4991,143549,47
4993,4992,143558,58
4994,4993,143574,47
4995,4984,143456,58
4996,4995,143589,47
4997,4972,142725,62
4998,4972,142724,62
4999,4972,142723,77
5000,4999,143753,47
5001,5000,143770,55
5002,5001,143787,47
5003,5000,143769,55
5004,5003,143842,47
5005,4972,142722,77
5006,5005,143900,47
5007,5006,143950,53
5008,4972,142721,77
5009,5008,144116,47
5010,5009,144129,53
5011,5010,144287,58
5012,5011,144312,47
5013,4972,142720,77
5014,5013,144330,47
5015,5014,144371,58
5016,5015,144372,47
5017,5014,144370,58
5018,5017,144385,47
5019,5014,144367,58
5020,5019,144433,47
5021,5020,144442,58
5022,5021,144474,47
5023,5014,144366,58
5024,5023,144489,47
5025,5024,144496,58
5026,5025,144497,47
5027,5014,144365,58
5028,5027,144513,47
5029,5014,144364,58
5030,5029,144532,47
5031,5014,144363,58
5032,5031,144551,47
5033,5014,144362,58
5034,5033,144570,47
5035,4972,142719,77
5036,5035,144586,47
5037,5036,144602,58
5038,5037,144623,47
5039,4972,142718,77
5040,5039,144639,47
5041,5040,144657,55
5042,5041,144680,47
5043,5042,144693,58
5044,5043,144694,47
5045,5044,144704,58
5046,5045,144726,47
5047,5044,144703,58
5048,5047,144738,47
5049,5040,144656,58
5050,5049,144762,47
5051,4972,142717,77
5052,5051,144777,47
5053,-1,144807,92
5054,5053,144813,62
5055,5053,144812,62
5056,5053,144811,62
5057,5053,144810,62
5058,5053,144809,62
5059,-1,145250,92
5060,5059,145262,77
5061,5060,145311,47
5062,5061,145331,55
5063,5062,145340,47
5064,5063,145353,58
5065,5064,145354,47
5066,5059,145261,77
5067,5066,145397,47
5068,5067,145413,58
5069,5068,145414,47
5070,5059,145260,85
5071,5070,145451,47
5072,5071,145482,58
5073,5072,145526,47
5074,5059,145259,77
5075,5074,145572,47
5076,5075,145594,58
5077,5076,145595,47
5078,5075,145593,58
5079,5078,145619,47
5080,5059,145258,77
5081,5080,145663,47
5082,5081,145704,58
5083,5082,145733,47
5084,5081,145703,58
5085,5084,145768,47
5086,5081,145701,58
5087,5086,145808,47
5088,5059,145257,77
5089,5088,145850,47
5090,5089,145882,58
5091,5090,145883,47
5092,5059,145256,77
5093,5092,145926,47
5094,5093,145955,53
5095,5094,145973,58
5096,5095,145995,47
5097,5059,145255,85
5098,5097,146102,47
5099,5098,146194,8
5100,5099,146305,8
5101,5098,146145,58
5102,5101,146337,47
5103,5098,146143,58
5104,5103,146365,47
5105,5098,146494,8
5106,5059,145254,62
5107,5059,145253,77
5108,5107,146717,47
5109,5108,146731,55
5110,5109,146737,47
5111,5059,145252,77
5112,5111,146807,47
5113,5112,146827,53
5114,5113,146854,58
5115,5114,146874,47
5116,5113,146976,58
5117,5116,147014,47
5118,5113,147050,58
5119,5118,147070,47
5120,5059,145251,85
5121,5120,147100,47
5122,5121,147153,8
5123,5122,147214,8
5124,5121,147146,58
5125,5124,147250,47
5126,5125,147261,58
5127,5126,147275,47
5128,5121,147144,58
5129,5128,147371,47
5130,5121,147143,58
5131,5130,147400,47
5132,5121,147138,58
5133,5132,147489,47
5134,5121,147137,58
5135,5134,147519,47
5136,5121,147136,58
5137,5136,147547,47
5138,5121,147135,58
5139,5138,147580,47
5140,-1,147628,92
5141,5140,147631,62
5142,5140,147630,77
5143,5142,147673,47
5144,5143,147697,8
5145,5140,147629,85
5146,5145,147709,47
5147,5146,147760,8
